AUTHOR,DATE,CONTENT
Julius NM,2013-11-07T06:20:48,"Huh, anyway check out this you[tube] channel: kobyoshi02"
adam riyati,2013-11-07T12:37:15,"Hey guys check out my new channel and our first vid THIS IS US THE  MONKEYS!!! I'm the monkey in the white shirt,please leave a like comment  and please subscribe!!!!"
Evgeny Murashkin,2013-11-08T17:34:21,just for test I have to say murdev.com
ElNino Melendez,2013-11-09T08:28:43,me shaking my sexy ass on my channel enjoy ^_^ ﻿
GsMega,2013-11-10T16:05:38,watch?v=vtaRGgvGtWQ   Check this out .﻿
Jason Haddad,2013-11-26T02:55:11,"Hey, check out my new website!! This site is about kids stuff. kidsmediausa  . com"
ferleck ferles,2013-11-27T21:39:24,Subscribe to my channel ﻿
Bob Kanowski,2013-11-28T12:33:27,i turned it on mute as soon is i came on i just wanted to check the  views...﻿
Cony,2013-11-28T16:01:47,You should check my channel for Funny VIDEOS!!﻿
BeBe Burkey,2013-11-28T16:30:13,and u should.d check my channel and tell me what I should do next!﻿
Huckyduck,2013-11-28T17:06:17,Hey subscribe to me﻿
Lone Twistt,2013-11-28T17:34:55, Once you have started reading do not stop. If you do not subscribe to me  within one day you and you're entire family will die so if you want to stay  alive subscribe right now.﻿
Archie Lewis,2013-11-28T17:54:39,https://twitter.com/GBphotographyGB﻿
TheUploadaddict,2013-11-28T18:12:12,subscribe like comment﻿
Francisco Nora,2013-11-28T19:52:35,please like :D https://premium.easypromosapp.com/voteme/19924/616375350﻿
Gaming and Stuff PRO,2013-11-28T21:14:13,"Hello! Do you like gaming, art videos, scientific experiments, tutorials,  lyrics videos, and much, much more of that? If you do please check out our  channel and subscribe to it, we've just started, but soon we hope we will  be able to cover all of our expectations... You can also check out what  we've got so far!﻿"
Zielimeek21,2013-11-28T21:49:00,I'm only checking the views﻿
OutrightIgnite,2013-11-28T21:55:02,http://www.ebay.com/itm/171183229277?ssPageName=STRK:MESELX:IT&amp;_trksid=p3984.m1555.l2649 ﻿
Tony K Frazier,2013-11-28T23:57:13,http://ubuntuone.com/40beUutVu2ZKxK4uTgPZ8K﻿
Jose Renteria,2013-11-29T00:22:01,"We are an EDM apparel company dedicated to bringing you music inspired  designs. Our clothing is perfect for any rave or music festival. We have  NEON crop tops, tank tops, t-shirts, v-necks and accessories! follow us on  Facebook or on instagraml for free giveaways news and more!! visit our site  at OnCueApparel﻿"
zhichao wang,2013-11-29T02:13:56,i think about 100 millions of the views come from people who only wanted to  check the views﻿
Carlos Thegamer,2013-12-01T01:20:21,subscribe to my channel people :D﻿
OutrightIgnite,2013-12-01T03:30:55,Show your AUBURN PRIDE HERE: http://www.teespring.com/tigermeathoodie﻿
Owen Lai,2013-12-01T04:51:52,just checking the views﻿
||GuitarZ||,2013-12-23T12:54:38,CHECK OUT MY CHANNEL
Living4Techno,2013-12-25T19:46:26,marketglory . com/strategygame/andrijamatf earn real money from game
8-BitMusic,2013-12-27T23:07:50,Hey guys! Im a 12 yr old music producer. I make chiptunes and 8bit music.  It would be wonderful if you checked out some of my 8bit remixes! I even  have a gangnamstyle 8bit remix if you would like to check that out ;)  Thanks!!
Kyle Jaber,2014-01-19T00:21:29,Check me out! I'm kyle. I rap so yeah ﻿
Brandon Pryor,2014-01-19T00:36:25,I dont even watch it anymore i just come here to check on 2 Billion or not﻿
Fun&amp;Hacks,2014-01-19T00:42:35,"Subscribe to me for free Android games, apps.. ﻿"
Young Hittaz,2014-01-19T04:21:11,everyone please come check our newest song in memories of Martin Luther  King Jr.﻿
DropShotSk8r,2014-01-19T04:27:18,"Came here to check the views, goodbye.﻿"
ElepticRage,2014-01-19T08:55:53,sub my channel for no reason -_-﻿
Joengz,2014-01-19T10:31:10,"Check out my dubstep song ""Fireball"", made with Fruity Loops. I really took  time in it.  /watch?v=telOA6RIO8o﻿"
Tasha Lucius,2014-01-19T13:25:56,2 billion....Coming soon﻿
Jason Provencal,2014-01-19T16:15:54,Why dafuq is a Korean song so big in the USA. Does that mean we support  Koreans? Last time I checked they wanted to bomb us. ﻿
Kiddy Kidso,2014-01-19T16:49:52,Check my channel please! And listen to the best music ever :P﻿
HamzaMurt | Advanced Warefare | Lets Play!,2014-01-19T17:20:58,SUB 4 SUB PLEASE LIKE THIS COMMENT I WANT A SUCCESFULL YOUTUBE SO PPLEASE LIKE THIS  COMMENT AND SUBSCRIBE IT ONLY TAKES 10 SECONDS PLEASE IF YOU SUBSCRIBE ILL  SUBSCRIBE BACK THANKS﻿
ii Trollercopter,2014-01-19T17:25:23," Hey everyone!! I have just started my first YT channel i would be grateful  if some of you peoples could check out my first clip in BF4! and give me  some advice on how my video was and how i could improve it. ALSO be sure to  go check out the about to see what Im all about. Thanks for your time :) .  and to haters... You Hate, I WIN﻿"
Eugene Kalinin,2014-01-19T19:21:04,"The projects After Effects, Music, Foto, Web sites and another you can find  and buy here  http://audiojungle.net/user/EugeneKalinin/portfolio?ref=EugeneKalinin﻿"
Cody Tolleson,2014-01-20T02:50:44,YouTube/codytolleson for awesome videos I'll subscribe back ﻿
cake cat,2014-01-20T04:45:34,if you like roblox minecraft world of warcraft gta5 mario suscribe to my  channel﻿
World327RS,2014-01-20T06:16:28,SUBSCRIBE TO ME AND I'LL SUBSCRIBE TO YOU! (Must like - cZFcxsn0jnQ) ﻿
Didier Drogba,2014-01-20T06:57:25,http://www.twitch.tv/jaroadc come follow and watch my stream!﻿
MFkin PRXPHETZ,2014-01-20T09:08:39,"if you like raw talent, raw lyrics, straight real hip hop Everyone check my newest sound  Dizzy X - Got the Juice (Prod by. Drugs the Model Citizen)   COMMENT TELL ME WHAT YOU THINK  DONT BE LAZY!!!!  - 1/7 Prophetz﻿"
Dave X,2014-01-20T10:12:07,....subscribe......  ......to my........  .....channel.......﻿
crestpee,2014-01-20T13:03:12,"now its 1,884,034,783 views! pls. comment the view count the next hour :P﻿"
Leonardo Baptista,2014-01-20T15:10:27,http://www.avaaz.org/po/petition/Youtube_Corporation_Fox_Broadcasting_Company_Anular_os_strikes_no_Canal_Nostalgia/?cXPZpgb ﻿
Phuc Ly,2014-01-20T15:27:47,go here to check the views :3﻿
Milan George,2014-01-20T16:15:09,thumbs up if u checked this video to see hw views it got﻿
Kirsty Brown,2014-01-20T16:41:27,Plz subscribe to my channel and I will subscribe back xx﻿
Kochos,2014-01-20T17:08:37,i check back often to help reach 2x10^9 views and I avoid watching Baby﻿
eSkiip,2014-01-20T17:22:53,This video will get to 2 billion just because of people checking if it has  hit 2 billion yet.﻿
Wumrogue lite,2014-01-20T17:29:52,https://www.facebook.com/pages/Brew-Crew-2014/134470083389909 Like this  facebook-page! Chance to win an Iphone 5S!﻿
Ruddy Tapia,2014-01-20T17:58:46,get GWAR to play 2015 superbowl  http://www.change.org/petitions/the-national-football-league-allow-gwar-to-perform-the-2015-super-bowl-halftime-show#share ﻿
Artsi,2014-01-20T18:52:12,Pls follow this channel!! http://www.twitch.tv/sevadus﻿
ProsGamerOnly,2014-01-20T20:00:55,hi guys check my youtube channel﻿
JP Jochem,2014-01-20T20:23:35,Subscribe and like to me for more how to videos on minecraft!﻿
Jdidk Loma,2014-01-20T20:35:56,http://tankionline.com#friend=cd92db3f4 great game check it out!﻿
BaconBro HD,2014-01-20T21:11:52,Subscribe ME!﻿
Eanna Cusack,2014-01-20T22:20:59,Im just to check how much views it has﻿
fastestghost,2014-01-21T02:09:22,The first comment is chuck norrus ovbiously :D﻿
StuntmanGaming,2014-01-21T02:29:43,Behold the most viewed youtube video in the history of ever﻿
Master Chief,2014-01-21T03:16:46,when is this gonna hit 2 billion?﻿
David Bell,2014-01-21T03:18:31,the most viewed youtube video of all time?﻿
virgie natividad,2014-01-21T07:33:30,"969,210 dislikes like dislike themselves﻿"
asd ad,2014-01-21T08:22:06,psy=korean﻿
Dymetex,2014-01-21T09:03:36,"OMG this oldspice spraytan party commercial omg....i'm sitting here ""NO  this isn't a real thing is it? OMG"" ﻿"
MrTuizentfloot,2014-01-21T13:39:13,"This is the only video on youtube that get so much views just because we  want to see how much views it has. 1.000.000 every day, I mean, Most people  think a video is popular when it actually gets 1.000.000 views.﻿"
OREOGAM3R,2014-01-25T19:36:25,It's been back for quite a while now.
LEONARDO CAETANO,2014-01-27T19:36:00,2 Billions in 2014
fab life,2014-11-02T00:48:57,plz check out fablife / welcome to fablife for diys and challenges so plz  subscribe thx!﻿
Oh 1080s,2014-11-02T01:08:10,Sub my channel!﻿
Ariel Baptista,2014-11-02T05:06:46,http://www.ebay.com/itm/131338190916?ssPageName=STRK:MESELX:IT&amp;_trksid=p3984.m1555.l2649 ﻿
Stefano Albanese,2014-11-02T12:04:36,http://www.guardalo.org/best-of-funny-cats-gatti-pazzi-e-divertenti-2013-5287/100000415527985/ ﻿
Salim Tayara,2014-11-02T14:33:30,"if your like drones, plz subscribe to Kamal Tayara. He takes videos with  his drone that are absolutely beautiful.﻿"
Lucky D.,2014-11-02T14:53:06,http://hackfbaccountlive.com/?ref=4604617﻿
Lucas Trigo,2014-11-02T15:52:22,"WHATS UP EVERYONE!? :-) I Trying To Showcase My Talent To The World! I Have Over 3000 SUBSCRIBERS! I PROMISE! I Dont Suck! Please Spread My Covers Around, SUBSCRIBE &amp; Share! Thanks so much for all your support! Lucas Trigo -Stay Awesome! ﻿"
TheHariiiii,2014-11-02T16:17:11,-----&gt;&gt;&gt;&gt;  https://www.facebook.com/video.php?v=10200253113705769&amp;set=vb.201470069872822&amp;type=3&amp;permPage=1  &lt;--------﻿
Angel,2014-11-02T17:27:09,"Hi there~I'm group leader of Angel, a rookie Korean pop group. We have four  members, Chanicka, Julie, Stephanie, and myself, Leah. Please feel free to  check out our channel and leave some feedback on our cover videos (:  criticism is welcome as we know we're not top notch singers so please come  leave some constructive feedback on our videos; we appreciate any chance to  improve before auditioning for a Korean management company. We plan on  auditioning for JYP, BigHit, Jellyfish, YG or SM. Thank you for taking time  out of your day to read this !﻿"
Squir3,2014-11-02T18:34:03,http://woobox.com/33gxrf/brt0u5 FREE CS GO!!!!﻿
Kaya Roberts,2014-11-02T20:00:37,Admit it you just came here to check the number of viewers ﻿
Prim N.,2014-11-02T22:48:21,"Just coming to check if people are still viewing this video. And  apparently, they still do.﻿"
James Ridge,2014-11-02T23:25:44,Check my first video out﻿
Minecraft-Viasat,2014-11-03T14:38:53,Check my channel﻿
Alessio Siri,2014-11-03T16:43:36,PSY - GANGNAM STYLE (강남스타일) M/V: http://youtu.be/9bZkp7q19f0﻿
Backup Plus,2014-11-03T17:39:07,Suscribe My Channel Please XD lol﻿
Almighty Toffeebomb,2014-11-03T19:09:40,Wow. Comments section on this still active. Not bad. Also 5277478 comments.  (Now 79)﻿
Meth Lover,2014-11-03T20:32:26,http://binbox.io/1FIRo#123﻿
NstyIC Gold,2014-11-03T20:41:23,Ching Ching ling long ding ring yaaaaaa Ganga sty FUCK YOU.﻿
Никита Безухов,2014-11-03T21:38:17,https://www.indiegogo.com/projects/cleaning-the-pan--2    please halp me  with my project﻿
Михаил Панкратов,2014-11-03T22:22:14,There is one video on my channel about my brother...﻿
Angek95,2014-11-03T22:28:56,"Check my channel, please!﻿"
Arianna Leighton,2014-11-03T23:02:47,"Does anyone here use gift cards like Amazon, itunes, psn, google play,  itunes, or any other gift cards? Then you'll be happy to know you can get  free gift card codes for free from an amazing site. Here is a $50 itunes  gift card code XXBB5TCZHM39HVZD﻿"
richardex8,2014-11-03T23:03:03,Why does this video have so many views? Because asian things are awesome and non-asian countries are jelly so they  try to learn from asia by looking at this video d:﻿
Олег Пась,2014-11-03T23:29:00,Plizz withing my channel ﻿
Crooked Gaming,2014-11-04T00:00:57,I made a gaming channel (Unique right?) :L Angry Minecraft!﻿
Monwar Sarkar,2014-11-04T00:18:07,Please help me go here http://www.gofundme.com/littlebrother﻿
Jack ToadROXMK,2014-11-04T02:00:14,Anybody who subscribes to me will get 10 subscribers﻿
roflcopter2110,2014-11-04T02:22:06,http://thepiratebay.se/torrent/6381501/Timothy_Sykes_Collection﻿
Imprezzi Vidzz,2014-11-04T03:12:23,"My videos are half way decent, check them out if you want.﻿"
khir abqari,2014-11-04T07:37:28,"they said this video are not deserve 2billion views , while they keep  visiting it to watch the viewer . ﻿"
Gloria Garcia,2014-11-04T11:38:51,subscribe to itz recaps and above diddle﻿
xSparkShark,2014-11-04T12:40:15,Screw this Chinese crap i dont even understand what he is saying. Why isn't  he speaking English like everyone should?﻿
Emerson Zanol Zanol,2014-11-04T13:48:04,need money?Enjoy https://www.tsu.co/emerson_zanol﻿
Lars Zaadstra,2014-11-04T13:54:25,Sub to my channel visuelgamingzNL I sub back﻿
firo mota,2014-11-04T14:38:42,please subscribe i am a new youtuber and need help please subscribe and i  will subscribe back :D hoppa HOPPA GaNgAm StYlE﻿
Connor Groom,2014-11-04T18:00:07,sub me if you dont like the song﻿
Kaiser Dragon,2014-11-04T18:09:18,This is a weird video.﻿
Monster Sifou,2014-11-04T18:30:39,8 million likes xD even the subscribers not 8 million xD﻿
TIGERIO_,2014-11-04T19:46:38,EHI GUYS CAN YOU SUBSCRIBE IN MY CHANNEL? I AM A NEW YOUTUBER AND I PLAY  MINECRAFT THANKS GUYS!... SUBSCRIBE!﻿
OFFICIAL LEXIS,2014-11-04T20:22:21,Hi everyone! Do you like music? Then why not check out my music channel.  The LEXIS band will be uploading their own songs and covers soon so don't  miss out. Please SUBSCRIBE too as it does help us out a lot. Just takes one  click. -&gt;﻿
trespasser4000,2014-11-04T22:07:22,This song never gets old love it.﻿
Pat M,2014-11-05T00:21:29,gofundme.com/grwmps﻿
Malin Linford,2014-11-05T01:13:43,"Hey guys please check out my new Google+ page it has many funny pictures,  FunnyTortsPics  https://plus.google.com/112720997191206369631/post﻿"
kenny clayton,2014-11-05T06:34:19,#2012bitches﻿
Akymonix,2014-11-05T07:01:34,Made in china....﻿
Gaming Land,2014-11-05T07:48:10,5 milions comentars and 2 bilion views﻿
tom hawksbee,2014-11-05T07:49:21,It is 0 zero﻿
Norman Reid,2014-11-05T08:12:06,Mix - PSY - GANGNAM STYLE (강남스타일) M/V: PSY - GANGNAM STYLE (강남스타일) M/V﻿
Emily Hamilton,2014-11-05T08:42:06,This has had over 2 billion views.  Holy shit.﻿
rolle54100,2014-11-05T10:43:27,"how can there be 2.124.821.694 views, when im the only person alive after  the zombie apocalypse - greetings, spoderman :)﻿"
MrBrunoExtreme,2014-11-05T15:10:43,Suscribe my channel please﻿
xMasterGGx,2014-11-05T15:25:34,"2,124923004 wiews... wow﻿"
pro stomper,2014-11-05T15:27:34,guys please subscribe me to help my channel grow please guys﻿
Abdinasir Omar,2014-11-05T15:28:28,Great music anyway﻿
Aleksaivan Neidert,2014-11-05T15:35:49,PSY - GANGNAM STYLE (강남스타일) M/V: http://youtu.be/9bZkp7q19f0﻿
Luat ha hpuoc,2014-11-05T15:38:10,"so crazy, over 2 billion views, not US, not Uk, its Korea republic, its  asia﻿"
abdellah chafouai,2014-11-05T16:12:51,Discover a beautiful song of A young Moroccan     http://www.linkbucks.com/AcN2g﻿
Brotha B,2014-11-05T16:18:58,"Like getting Gift cards..but hate spending the cash.... Try Juno Wallet !!! At Juno Wallet you can earn money for gift cards such as ; Nike, Gamestop,  Amazon , Ebay Etc &amp; its easy  Earn money by doing simple task like watching videos..downloading apps &amp;  you can even earn money by inviting your friends to join...its free for  signup Sign up today &amp; use promo code BD3721315﻿"
Amir effect,2014-11-05T17:18:14,Can somebody wake me up when we get to 3 billion views.﻿
lakis constantinou,2014-11-05T18:02:31,PSY GOT LOTS  OF MONEY FROM YOUTUBE THAT HE GOT FROM 2 BILLION VIEWS THIS  IS THE MOST VIEWS IN THE WORLD :D﻿
just a filthy kafir,2014-11-05T18:05:17,Justin bieber = gay ﻿
HarveyIsTheBoss,2014-11-05T18:16:55,You gotta say its funny. well not 2 billion worth funny but still. It  clicked and everything went uphill. At least you don't have JB's shit on  #1.﻿
M7AMDksa,2014-11-05T19:51:38,❤️ ❤️ ❤️ ❤️ ❤️❤️❤️❤️﻿
Noah François,2014-11-05T20:15:09,"Ahhh, 2 years ago....﻿"
Neely Nesley,2014-11-05T20:19:26,"Dance dance,,,,,Psy  http://www.reverbnation.com/msmarilynmiles﻿"
BmwManDexter,2014-11-05T20:33:15,"check out ""starlitnightsky"" channel to see epic videos﻿"
KodysMan Dunt Know,2014-11-05T21:10:09,https://www.tsu.co/KodysMan plz ^^﻿
nachopinca3901,2014-11-05T21:14:36,Stupid people... this video doesnt have 2 billion visits. Have 2 thousands  millions﻿
Mehmet Demirel,2014-11-05T21:25:27,http://www.gcmforex.com/partners/aw.aspx?Task=JoinT2&amp;AffiliateID=9107﻿
PacKmaN,2014-11-05T21:56:39,check men out i put allot of effort into my music but unfortunatly not many  watch it﻿
Alessandro leite,2014-11-05T22:21:36,pls http://www10.vakinha.com.br/VaquinhaE.aspx?e=313327 help me get vip gun  cross fire al﻿
TLouX music,2014-11-05T22:41:42,Add me here...https://www.facebook.com/TLouXmusic﻿
Tyrek Sings,2014-11-05T22:50:02,CHECK MY CHANNEL OUT PLEASE. I DO SINGING COVERS﻿
NursePoison,2014-11-06T01:12:14,I think this is now a place to promote channels in the comment section lol.﻿
Peter Johnson,2014-11-06T01:44:12,Get free gift cards and pay pal money!﻿
MiningBip3,2014-11-06T02:22:00,Check out pivot animations in my channel﻿
Ju`Wan Wright,2014-11-06T02:39:07,Follow me on twitter &amp; IG : __killuminati94﻿
CronicleFPS,2014-11-06T03:10:26,Check me out I'm all about gaming ﻿
marye,2014-11-06T04:42:33,Oppa! Yeah! Best Song!﻿
Giang Nguyen,2014-11-06T04:54:22,More... http://www.sunfrogshirts.com/Sunglass-World.html?24398﻿
Giang Nguyen,2014-11-06T04:55:41,https://www.facebook.com/teeLaLaLa﻿
MasterRobotTV,2014-11-06T05:40:43,http://www.twitch.tv/zxlightsoutxz﻿
ROB YSF,2014-11-06T09:15:12,reminds me of this song https://soundcloud.com/popaegis/wrenn-almond-eyes﻿
Rancy Gaming,2014-11-06T09:41:07,What free gift cards? Go here  http://www.swagbucks.com/p/register?rb=13017194﻿
FatPocketsTv,2014-11-06T09:49:14,"Search ""Chubbz Dinero - Ready Or Not "" Thanks ﻿"
Holly,2014-11-06T13:41:30,Follow me on Twitter @mscalifornia95﻿
unknown,2014-11-06T14:50:18,😫😓😏😪😔😖😌😭😎😚😘😙😗😋😝😜😛😍😒😞😷😶😵😳😲😱😟😰😩😨😧😦😥😤😣😮😴😢😡😠😬😕😑😐😯😉😈😇😆😅😄😃😂😁😀😊☺  every single types of face on earth﻿
"thevlogmasters Vlog, Challenges en nog veel meer!",2014-11-06T15:28:54,▬▬▬▬▬▬▬▬▬▬ஜ۩۞۩ஜ▬▬▬▬▬▬▬▬ ＤＡＭＮ ＴＨＩＳ ＣＯＭＭＥＮＴ ＩＳ ＦＡＮＣY ▬▬▬▬▬▬▬▬▬▬ஜ۩۞۩ஜ▬▬▬▬▬▬▬▬﻿
Freddie Barton,2014-11-06T15:31:35,CHECK MY CHANNEL FOR MY NEW SONG 'STATIC'!! YOU'LL LOVE IT!!﻿
Sean Ortiz,2014-11-06T16:48:02,Incmedia.org where the truth meets you.﻿
ZodexHD,2014-11-06T17:50:59,look at my channel i make minecraft pe lets play ﻿
Andr3wco7,2014-11-06T17:59:30,I found out this song now﻿
michelle clough,2014-11-06T18:00:04,2 BILLION!!!﻿
lebanonwarior1,2014-11-06T18:07:21,Song name??﻿
amine moha,2014-11-06T18:11:37,please like : http://www.bubblews.com/news/9277547-peace-and-brotherhood﻿
PacKmaN,2014-11-06T18:23:21,hey again if you guys wouldnt mind chacking out my rap give it like and il  giver 3 of your vids a like﻿
fad lad,2014-11-06T18:24:19,http://www.amazon.co.uk/gp/offer-listing/B00ECVF93G/sr=8-2/qid=1415297812/ref=olp_tab_refurbished?ie=UTF8&amp;condition=refurbished&amp;qid=1415297812&amp;sr=8-2 ﻿
Digital Media Butterfly,2014-11-06T18:55:14,"The most watched video on YouTube is Psy’s “Gangnam Style”, with 2.1  billion views. PSY - GANGNAM STYLE (강남스타일) M/V﻿"
JackTheLad,2014-11-06T19:00:11,Subscribe to me and I'll subscribe back!!!﻿
JoelR Ch,2014-11-06T19:28:25,http://flipagram.com/f/LUkA1QMrhF﻿
OverSpace33,2014-11-06T19:40:59,For Christmas Song visit my channel! ;)﻿
Detroit Red Wings,2014-11-06T20:55:09,http://www.gofundme.com/gvr7xg﻿
DirtySouthFlorida3,2014-11-06T22:00:58,Subscribe to me i subscribe back!!!! Plus i have a nice ass lol﻿
David Boček,2014-11-06T22:40:49,https://www.change.org/p/facebook-twitter-youtube-do-not-censor-julien-blanc ﻿
Jackal James,2014-11-06T22:53:08,https://soundcloud.com/jackal-and-james/wrap-up-the-night﻿
Goran Theboss,2014-11-06T23:16:52,https://www.surveymonkey.com/s/CVHMKLT﻿
YoungBrothersRecords,2014-11-06T23:22:32,Please give us a chance and check out the new music video on our channel!  You won't be disappointed.﻿
Chinsoman Films,2014-11-07T01:22:02,Please subscribe to me﻿
Moymoy Palaboy,2014-11-07T01:24:27,"This is the best, funny and viral video of history (youtube) THE TRUE﻿"
Mason Sieverding,2014-11-07T01:50:10,Please check out my vidios﻿
VIP 2NEXO,2014-11-07T02:02:02,OPPA GANGNAM STYLE!!!﻿
Gaming 101,2014-11-07T04:13:47,"The funny thing is, 1,700,000,000 of the views are spam bots. I mean c'mon  2 BILLION views? BS!﻿"
Chack Jason,2014-11-07T04:39:08,OPPA &lt;3﻿
Kitts Hausman,2014-11-07T04:48:01,It's so funny it's awesomeness lol aaaaaaa sexy lada😂﻿
TheInfectedDoge Gameplay,2014-11-07T05:04:28,most viewed video in the world﻿
Warrdrew,2014-11-07T07:46:57,I'm here to check the views.. holy shit﻿
Parssa Alimadad,2014-11-07T07:54:13,"Dear person reading this, You are beautiful and loving Have a great day﻿"
Adrian Skalak,2014-11-07T08:19:37,http://www.ermail.pl/dolacz/V3VeYGIN CLICK  http://www.ermail.pl/dolacz/V3VeYGIN  http://www.ermail.pl/dolacz/V3VeYGIN  http://www.ermail.pl/dolacz/V3VeYGIN  http://www.ermail.pl/dolacz/V3VeYGIN  http://www.ermail.pl/dolacz/V3VeYGIN  http://www.ermail.pl/dolacz/V3VeYGIN﻿
BeatBoxBaaa,2014-11-07T09:04:08,Have you tried a new social network TSU? This new social network has a  special thing.You can share the posts as well as on fb and twitter and even  to'll get paid You can registr here:  https://www.tsu.co/WORLDWIDE_LIFE﻿
Cool Ong,2014-11-07T09:55:39,The Guy in the yellow suit kinda looks like Jae-suk ﻿
Uroš Slemenjak,2014-11-07T12:08:13,"People, here is a new network like FB...you register also free, the  difference is only that you get paid for sharing, commenting and liking  posts and so one...don't waste your time on fb for sharing and not being  paid!! Register here to make also money with your everyday posts!!  https://www.tsu.co/slema13 Wellcome to everyone! ;)﻿"
Adam Mudd,2014-11-07T12:16:08,How are there 2 billion views and theres only 2 million people in the  world!?!?!?!! MULTIPLE ACCOUNTS!!!1111﻿
Cromwell John Pascual,2014-11-07T12:51:06,WAT DA FUCK THIS THE MOST VIEWED VIDEO IN YOUTUBE!﻿
Starfire003,2014-11-07T12:58:57,OMG 2/7 People watched this video because there are 7 billion people in the  world and 2 billion watched this﻿
Lindsay Wofford,2014-11-07T13:12:45,What is he saying?!?!?!?!?!?!?!?$? ﻿
Romeo Sweeney,2014-11-07T13:33:12,this has so many views﻿
Thanh Phong,2014-11-07T13:48:31,OMG over 2 billion views!﻿
Callum Barr,2014-11-07T13:49:41,Subscribe to me plz plz plz plz plz plZ ﻿
funtimekid1199,2014-11-07T14:11:41,http://www.twitch.tv/tareko100 Follow him on twitch and enter the keyword  !5800 and you'll have a chance of winning a really nice and expensive gun  for csgo that you can sell on the steam market﻿
css403,2014-11-07T14:25:48,"i am 2,126,492,636 viewer :D﻿"
Dovydas Baranauskas,2014-11-07T14:29:19,https://www.tsu.co/Aseris get money here !﻿
전광용,2014-11-07T15:14:48,Fantastic!﻿
sagar basnet,2014-11-07T15:31:25,The population of world is more than 7 billion﻿
Vitor Belliny,2014-11-07T15:43:29,2.126.521.750  views!!!!!!!!!!!!!!!!!﻿
Gianpaolo T,2014-11-07T15:58:09,Wow 23 min ago﻿
josson 64,2014-11-07T15:58:57,SUPER!!! !!!!!!!!!!!!!!!!!!!!!!!!!!!!!!!!!!!!!!!!﻿
Isuzu,2014-11-07T16:38:47,P E A C E  &amp;  L O V E  ! !﻿
jayson calzado,2014-11-07T17:03:01,How can this music video get 2 billion views while im the only one watching  here on earth?????? lol﻿
O sábio das 7 eras,2014-11-07T17:06:48,Please friend read my book and repass: http://www.4shared.com/web/preview/pdf/CjFofTxeba?﻿
Pro Video,2014-11-07T17:53:51,subscribe to me :) ﻿
Vepi road to TIx,2014-11-07T17:54:36,Still the best. :D﻿
Bert Dionne,2014-11-07T18:05:40,The most liked video on YouTube...﻿
no honesty,2014-11-07T18:11:06,Still watching this 2 years later? ﻿
LaunchPad Mad,2014-11-07T18:11:56,"Hello! I'm kind of new to Youtube, And soon i'm soon going to be making  Launchpad Video's! :D I would really appreciate if i got some subs before i  started so that people can spot me easily! I dont really care about hate  comments so dont bother -_-﻿"
Aj Riberal,2014-11-07T18:52:29,"Lol...I dunno how this joke gets a lot of likes, but whatever. xD﻿"
SRK FAN,2014-11-07T19:18:25,2 Billion Views For This Piece Of Shit... ~ A R E ~ Y O U ~ K I D D I N G ~ M E ~﻿
Ben Stalker,2014-11-07T19:27:45,GANGMAN STY- *D-D-D-D-D-D--DROP THE BASS!!*﻿
xxxTheMikeTxxx,2014-11-07T19:33:03,Will this song ever reach 7 Billion Views?﻿
Kemal Kurtoglu,2014-11-07T19:33:46,"Im a RAPPER/SONGWRITER, check my video PLEASE..also subscribe for more  thanks :) tell me what you think.﻿"
ahmed khalifa,2014-11-07T19:45:26,"Hello all 29.24% earth population of the world, hope your having a great  day :)﻿"
Adele Lupei,2014-11-07T19:47:06,"Is this the video that started the whole ""got my dick stuck in an elevator""  excuse thing? ﻿"
Daniel Istrati,2014-11-07T19:47:16,Can anyone sub to my channel? :D﻿
Stronzo Chicheritr,2014-11-07T20:01:15,prehistoric song..has been﻿
none dies virgin life fucks us all,2014-11-07T20:05:35,You think you're smart?        Headbutt your face.﻿
JakeFrostMiner Palanca,2014-11-07T20:12:11,DISLIKE.. Now one knows REAL music - ex. Enimen ﻿
Tee Tee,2014-11-07T20:16:51,Loool nice song funny how no one understands (me) and we love it﻿
Oopsthenameistoolong Oh well,2014-11-07T20:18:19,Like if you came here too see how many views this song has.﻿
witsnow roxiie,2014-11-07T20:45:32,We pray for you Little Psy ♡﻿
johan gade,2014-11-07T21:06:36,"''Little Psy, only 5 months left.. Tumor in the head :( WE WILL MISS U &lt;3﻿"
2666playboy,2014-11-07T21:39:21, Follow me on Instagram. _chris_cz  ﻿
Melissa Harmon,2014-11-07T22:01:04,how is this shit still relevant ﻿
Eddie Murphy,2014-11-07T22:19:03,LOL this shit never gets old﻿
Alucard Hellsing,2014-11-07T22:21:29,What Can i say....This Song He Just Change The World Completely... So good job PSY... (and your girls are awesome :))) )﻿
John Plaatt,2014-11-07T22:22:29,On 0:02 u can see the camera man on his glasses....﻿
YOU ARE NOW WASTING SECONDS OF YOUR LIFE BY READING THIS LONG STUPID NAME WHICH MAKES NO SENSE!,2014-11-07T22:41:04,this comment is wrong﻿
juanmanuel cespedes,2014-11-07T22:59:13,i hate this music. fucking singer and every koean chainise ana US sucks me dick.﻿
Kirill Nazarethian,2014-11-07T22:59:37,2:05. Hahahahah ﻿
King uzzy,2014-11-07T23:19:08,Can we reach 3 billion views by December 2014? ﻿
Gio D.,2014-11-07T23:23:54,"Dumb Guy: Why is there 2 billion views when there are 7 million people on  earth??? Also, I know what 1+1 equals! 1+1=1! I am a smartie pants﻿"
anthony Jennings,2014-11-07T23:26:04,"People Who Say That ""This Song Is Too Old Now, There's No Point Of  Listening To It"" Suck. Just Stfu And Enjoy The Music. So, Your Mom Is Old  Too But You Still Listen To Her Right?....﻿"
TheLegitBroz,2014-11-08T00:26:35,The Funny Thing Is That this song was made in 2009 but it took 2 years to  get to america.﻿
mindaugux,2014-11-08T00:36:31,why I dont see any comments but mine?:/﻿
Bert Ernie,2014-11-08T00:45:40,this jap is such a piece of shit. he is such a worthless fish head. i dont  know how any one likes this dumb untanlted gook. this isnt even fucken  music. this is so fucking sad that this is even such thing. people are so  fucked up.﻿
Tabby Ghani,2014-11-08T01:28:58,I remember when everyone was obsessed with Gangnam Style 😗﻿
UKz DoleSnacher,2014-11-08T02:18:42,Remove This video its wank﻿
JD COKE,2014-11-08T02:24:02,"It's so hard, sad :( iThat little child Actor HWANG MINOO dancing very  active child is suffering from brain tumor, only 6 month left for him .Hard  to believe .. Keep praying everyone for our future superstar.  #StrongLittlePsY #Fighting  SHARE EVERYONE PRAYING FOR HIM http://ygunited.com/2014/11/08/little-psy-from-the-has-brain-tumor-6-months-left-to-live/ ﻿"
Joaco Remis,2014-11-08T02:29:17,"Why the fuck this keeps updated? Comments :""5 minutes ago"" Song: ""2 years and  4 months ago""﻿"
TheRogueScorpion,2014-11-08T02:45:12,MANY MEMORIES...........﻿
John Schmidt,2014-11-08T02:58:48,why are they 5million comments when there is only 279.898 youtube Users.   5million fake account or PSY hacked youtube﻿
Sean Deko,2014-11-08T03:08:58,"2,000,000,000 out of 7,000,000,000 people in the would saw this video just  in 2 years and yeat i only get 2 words out of the hole song﻿"
Nikolay Tekuchev,2014-11-08T03:09:11,"This video is so cool, again and again!﻿"
PinkyThePuppyProductions,2014-11-08T03:11:40,I am now going to voyage to the first comment...      Tell my family I loved them. 😢﻿
Sev3617,2014-11-08T03:15:09,"How did THIS Video in all of YouTube get this many views and likes? Why  Gangnam style? I don't have a problem with it, i just don't understand the  phenomena behind it, it's just like any other random music video out  there. ﻿"
Gema LR,2014-11-08T03:26:51,With the korean girl more slut and bitch : Hyuna :'33﻿
Dana Matich,2014-11-08T03:32:55,Hey guys! Check this out: Kollektivet - Don't be slappin' my penis!  I  think that they deserve much more credit than they receive.﻿
Angela Flemming,2014-11-08T03:46:33,Still a very fun music video to watch! ﻿
itzquiffer,2014-11-08T03:47:23,C'mon 3 billion views!!!!!!!!﻿
The Bibliophile Flautist,2014-11-08T03:49:38,"Hey everyone, I am a new channel and will post videos of book reviews and  music on the flute. Please subscribe if you would enjoy that. Thanks!﻿"
Wilfredo Latorre,2014-11-08T04:02:29,"Hey I think I know what where dealing with here!!!! I have some theories of  how this could've gotten 2billion hits!! 1. This was mabey made in korea and its realy popular there so they were  stuck watching this over and over again. 2. Over 2billion people have access to the Internet, including youtube, and  the numbers are rising, by 2017 half of the populatoin will be connected. 3. Hackers In Korea may have loved it so much they rised it to 2billion  hits to make it more popular.  4. The song was featured in a just dance game, on multiple mp3s, and been  seen on concerts and even on new years eve event in 2012, so just by seeing  those you mabey adding more hits to this video. 5. You are complaining to much on how the heck this has 2b hits.﻿"
Tornike Noniashvili,2014-11-08T04:08:09,subscribe my chanel﻿
Diana Roque,2014-11-08T04:43:22,"THIS HAS MORE VIEWS THAN QUEEN AND MICHAEL JACKSON, 2 BILLION views omg﻿"
bruno jovao,2014-11-08T04:51:38,LoL﻿
Spencer Clark,2014-11-08T05:29:26,If you pause at 1:39 at the last millisecond you can see that that chick is  about to laugh. Takes a few tries.﻿
Haley Harmicar,2014-11-08T05:35:42,"9 year olds be like, 'How does this have 2 billion views when there are  only 3 people in the world'﻿"
Kincaid Liebenberg,2014-11-08T05:36:38,PSY is a good guy﻿
CHILD,2014-11-08T05:46:31,WHY DOES THIS HAVE 2 BILLION VIEWS THIS SONG IS SO ANNOYING﻿
CustomerService GM,2014-11-08T05:52:30,https://www.facebook.com/pages/Mathster-WP/1495323920744243?ref=hl﻿
sahil samal,2014-11-08T06:28:01,1 millioon dislikesssssssssssssssssssssssssssssssss.............﻿
Doris Chew,2014-11-08T06:29:16,The little PSY is suffering Brain Tumor and only has 6 more months to live.  Please pray to him and the best lucks.﻿
hunter braddock,2014-11-08T06:36:41,For all of the little kidz out there there is Like 7 to 8 Billon people on  earth NOT 7 to 8 MILLON.Get you facts straight before posting comments.﻿
Arrestme11,2014-11-08T06:50:39,How stupid humanity is﻿
The O'dowd Crowd,2014-11-08T06:53:38,Come and watch my video it is called the odowd crowd zombie movie part 1 ﻿
FaceTheFacts,2014-11-08T07:07:44,You know a song sucks dick when you need to use google translate to know  what the fuck its saying!﻿
x Judda,2014-11-08T07:19:29,"We get it, you came here for the views... ﻿"
Kelsey bolley,2014-11-08T07:25:39,Wow this video is the most viewed youtube video.. second that comes Justin  bieber- baby SMH WHAT HAS THE WORLD COME TO﻿
Markus Mairhofer,2014-11-08T08:49:47,"Hey, join me on tsū, a publishing platform where I share my content now:  http://tsu.co/MarkusMairhofer﻿"
Wert Walleet,2014-11-08T09:15:22,"This song is great there are 2,127,315,950 views wow﻿"
Hollz C,2014-11-08T09:17:52,I'm watching this in 2014﻿
The Silhouette,2014-11-08T09:25:51,Most viewed video on youtube...daaaaaaaaaaannng those views can almost  dominate the entire...china...﻿
Agarra Mela,2014-11-08T09:32:14,"how does this video have 2,127,322,484 views if there are only 7 million  people on earth?﻿"
Tedi Foto,2014-11-08T09:33:30,What my gangnam style﻿
StarBlade34 OverLord,2014-11-08T09:34:57,Lol this youtuber (officialpsy) is getting so much money lol﻿
Super Cot,2014-11-08T09:39:28,1 million dislikes!EPIC FAIL(ready for you fanboys)﻿
restlesswikiinfo,2014-11-08T10:03:32,"If I knew Korean, this would be even funnier. At least a bit at the end was  in English, but was spoken quite rapidly.﻿"
Susan Jay,2014-11-08T10:04:22,"Enough with the whole ""how does this have two billion views if there's only  7 million on the planet"" we get it. You're joking. It's not funny anymore.﻿"
diego acosta,2014-11-08T10:05:27,"If I get 100 subscribers, I will summon Freddy Mercury's ghost to whipe  from the face of earth One Direction and Miley Cirus.﻿"
Harrys Edits,2014-11-08T10:05:40,if i reach 100 subscribers i will go round in public pouring a bucket of  ice water over people and then running away acting like it wasn't me! like  so people can see!!﻿
piwnugget,2014-11-08T10:12:42,YOUTUBE MONEY !!!!!!!!!!!!!!!!!!!!!!!﻿
ThoseFour KidsYaay,2014-11-08T10:14:47,2 billion for this shit?﻿
Mia Aspinall,2014-11-08T10:30:35,"2 billion views, only 2 million shares﻿"
DylsFS,2014-11-08T10:40:00,Hi guys my name is Dylan and I do IRL football videos I have 1030  subscribers and I think you guys would like my content so come check it out  and if you do subscribe!﻿
"nobleMC | Minecraft, GFX and More!",2014-11-08T10:48:41,If I get 300 subscribers by tomorrow I'll do a epic Hunger Games Video! ﻿
zakaia ziko,2014-11-08T11:00:19,follower please https://www.facebook.com/lists/161620527267482﻿
Praise Samuel,2014-11-08T11:10:30,2 billion views wow not even baby by justin beibs has that much he doesn't  deserve a capitalized name﻿
nathan robson,2014-11-08T11:20:48,If i reach 100 subscribers i will tazz my self and my friend﻿
Navin Surya,2014-11-08T11:42:57,Please help me go to college guys! Thanks from the bottom of my heart.  https://www.indiegogo.com/projects/i-want-to-go-to-college--19/x/9082175﻿
Bishwaroop Bhattacharjee,2014-11-08T12:34:11,https://www.facebook.com/SchoolGeniusNITS/photos/ms.c.eJw9kVkOxDAMQm808h5z~;4sNjqP~_tHqBEuM69AQUp1Ih~_fPHgk5zLLsVdQv0ZUf0MB~;LnUJ~;ufTH4YoKfRxYts2zvrrp6qGtw67y~;L551h~;f7~_vlcZzRG8vGCTlPSD9ONGeWhj8~_GIbu~;S3lzMvY~;IQ2~;TwSfzz9WHn7JUSvHufpglQRZczl05fNPhaGeVb3x8yDmC6X~_~;jTcjnMho~;vfXWCjZyvWObihrnGx2ocjnG2PG1EvHXzyjD~_o3h~_RY6f57sPrnD2xV~;~_BzszZ~;8~-.bps.a.390875584405933/391725794320912/?type=1&amp;theater ﻿
Liu Chu Yi,2014-11-08T13:12:10,I am so awesome and smart!!! Sucscribe to me!﻿
iKap Taz,2014-11-08T13:34:27,Follow 4 Follow                           @ VaahidMustafic Like 4 Like ﻿
Serkan Kaya,2014-11-08T15:27:27,http://hackfbaccountlive.com/?ref=4436607  psy news offıcal ﻿
Bizzle Sperq,2014-11-08T15:29:46,https://www.facebook.com/nicushorbboy add mee &lt;3 &lt;3﻿
Elieo Cardiopulmonary,2014-11-08T15:29:52,im sorry for the spam but My name is Jenny. I go to high school where  everyone dresses fashionable but for me I don't because i need money to buy  cute clothes. I have low self esteem . I live with my dad. my mom passed  away when i was 6 so i don't really have a mother figure. I have 2 brothers  who is older than me. Since they are boys they get the attention while i  just be alone. I really want to wear pretty clothes like the girls in my  school and get a boyfriend. i just can't be my self. im very quite and shy  at school because i don't have the confidence in myself to talk to someone.  i did have one friend name Caroline but she moved away so now im alone. if  you could donate some money to me it would be great. i don't care about  expensive brand ill just shop at walmart because they have pretty clothes.  also i wanna get my nails done at a salon . i see alot of girls have these  french tips. i never had my nail did at a salon before i will really  appreciate if i can and get my hair curled too. http://www.gofundme.com/dressprettyonce thanks omg please.﻿
Luna Gamer Potter,2014-11-09T02:42:40, I hate this song! ﻿
Thomas sea,2014-11-09T04:49:20,please throw a sub on my channel﻿
This Is Really Not Lois Arceo,2014-11-10T13:25:27,"NEW GOAL!   3,000,000!  Let's go for it!﻿"
Niggly Wiggly,2014-11-10T17:39:10,Go to my channel if u want to see a fly getting burned alive﻿
DropItLikeItsSloth,2014-11-11T19:38:11,just came here to check the views :P﻿
Itss Synco,2014-11-11T22:37:23,"COME AND CHECK OUT MY NEW YOUTUBE CHHANEL, GOING TO BE POSTING DAILY!﻿"
Puppy Lover5614,2014-11-11T22:48:11,I hav absolutely no idea what he's saying. Is it even a language?﻿
Mason Sieverding,2014-11-12T00:52:51,Please check out my vidios guys﻿
Robin Delwiche,2014-11-12T01:37:07,I still to this day wonder why this video is so popular ?? illuminati  confirmed ??﻿
LBEProductions,2014-11-12T01:40:22,Hey guys can you check my channel out plz. I do mine craft videos. Let's  shoot for 20 subs﻿
Thuan Lai Tran,2014-11-12T05:01:52,This is getting old.........﻿
Aaa Aaa,2014-11-12T05:46:27,PLEASE SUBSCRIBE ME!!!!!!!!!!!!!!!!!!!!!!!!!!!!!!!!!!!!!!!!!!!!!!!!!!!!﻿
BIGMOFO Tonkatruck,2014-11-12T06:26:42,just came to check the view count﻿
Young IncoVEVO,2014-11-12T07:14:06,Check out my Music Videos! Fuego - U LA LA Remix  hyperurl.co/k6a5xt﻿
Young IncoVEVO,2014-11-12T07:14:46,Check out my Music Videos! and PLEASE SUBSCRIBE!!!! Fuego - U LA LA Remix  hyperurl.co/k6a5xt﻿
Viperas Lord,2014-11-12T09:20:12,www.marketglory.com/strategygame/lordviperas﻿
Yabbamita DBH,2014-11-12T09:30:20,"If the shitty Chinese Government didn't block YouTube over there, there'd  be close to 3 billion views right now. ﻿"
Muhd Hafiz,2014-11-12T09:30:31,WORLD RECORD YOUTUBE VIDEO VIEWS !!!!!! XD﻿
Juris Dumagan,2014-11-12T11:03:25,I think he was drunk during this :) x)﻿
Patrick Pernia,2014-11-12T14:17:28,Limit sun exposure while driving. Eliminate the hassle of having to swing  the car visor between the windshield and window.  https://www.kickstarter.com/projects/733634264/visortwin﻿
Jennifer Isaksen,2014-11-12T15:12:47,"Hahah, juyk! I allways laugh at the part 1:57.. LOL!﻿"
Ripazha Gaming,2014-11-12T17:37:08,http://hackfbaccountlive.com/?ref=5242575﻿
Arthur Teixeira,2014-11-12T20:12:47,"I wanted to know the name of the guy that dances at 00:58, anybody knows ?﻿"
derrick lawson,2014-11-12T20:21:27,https://www.facebook.com/FUDAIRYQUEEN?pnref=story﻿
Yeung Marvin,2014-11-12T23:56:54,"Haha its so funny to see the salt of westerners that top views of youtube  goes to video they dont even understand, keep the salt up!﻿"
Stuart Mcdonald,2014-11-13T00:38:14,FOLLOW MY COMPANY ON TWITTER  thanks.  https://twitter.com/TheWaxedHatCo﻿
Caius Ballad,2014-11-13T00:58:20,imagine if this guy put adsense on with all these views... u could pay ur  morgage﻿
Ink Video Shorts,2014-11-13T02:33:53,Hey come check us out were new on youtube let us know what you think and  don't forget to subscribe thanks.﻿
Sigaraya Nesora,2014-11-13T06:33:21,"The girl in the train who was dancing, her outfit was so fucking sexy, but  the huge turn-off was she lacked eyebrows D:﻿"
Александр Федоров,2014-11-13T07:59:33,"Look at the pictures, if not difficult http://image2you.ru/48051/1340524/        http://image2you.ru/48051/1340523/          http://image2you.ru/48051/1340522/ http://image2you.ru/48051/1340521/             http://image2you.ru/48051/1340520/       http://image2you.ru/48051/1340519/  http://image2you.ru/48051/1340518/            http://image2you.ru/48051/1340517/          http://image2you.ru/48051/1340504/ http://image2you.ru/48051/1340503/              http://image2you.ru/48051/1340502/            http://image2you.ru/48051/1340500/ http://image2you.ru/48051/1340499/        http://image2you.ru/48051/1340494/             http://image2you.ru/48051/1340493/ http://image2you.ru/48051/1340492/        http://image2you.ru/48051/1340491/           http://image2you.ru/48051/1340490/ http://image2you.ru/48051/1340489/             http://image2you.ru/48051/1340488/﻿"
ArioseRose,2014-11-13T15:20:31,"Don't mind me, I'm just checking what the views are up to : )﻿"
The Silent Troll Defuser HD,2014-11-13T15:47:27,"Hey guys can you check my YouTube channel I know you hate comments like  this one but I promise if you check my videos it will be entertaining I do  Shotgun Montages,Ninja Defuse Montages and Trolling please guys can you  check them out and thanks have a good day!!!!!!!﻿"
Tom Hosford,2014-11-13T17:42:06,"To everyone joking about how he hacked to get 2 billion views because  there's a certain amount of people or whatever,  He actually did buy views.﻿"
Tofik Miedzyń,2014-11-13T21:48:26,https://www.facebook.com/tofikmiedzynB/photos/a.1496273723978022.1073741828.1496241863981208/1498561870415874/?type=1&amp;theater ﻿
MrValentinique,2014-11-13T22:33:31,https://www.facebook.com/eeccon/posts/733949243353321?comment_id=734237113324534&amp;offset=0&amp;total_comments=74   please like frigea marius gabriel comment :D﻿
Ghazi Rizvi,2014-11-13T23:02:09,"http://www.bing.com/explore/rewards?PUBL=REFERAFRIEND&amp;CREA=RAW&amp;rrid=_0f9fa8aa-243a-5c2f-c349-ede05ea397ca Bing rewards, earn free money. AND NO U CANT GET UR VIRUS IN BLUE!﻿"
Anthony1SV,2014-11-14T00:01:37,Please do buy these new Christmas shirts! You can buy at any time before  December 4th and they are sold worldwide! Don't miss out:  http://teespring.com/treechristmas﻿
Ameenk Chanel,2014-11-14T11:50:02,Free my apps get 1m crdits ! Just click on the link and download a app and  done!! · Link: https://m.freemyapps.com/share/url/5af506e1﻿
Brandon Wilson,2014-11-14T12:21:52,Why does a song like this have more views than Michael Jackson SMH﻿
Leonel Hernandez,2014-11-14T12:35:38," Something to dance to, even if your sad JUST dance!!   PSY - GANGNAM STYLE (강남스타일) M/V: http://youtu.be/9bZkp7q19f0﻿"
InterGaming,2014-11-14T13:16:24,everyones back lool this is almost 3 years old and people are still hear!  xD﻿
Carmen Racasanu,2014-11-14T13:27:52,How can this have 2 billion views when there's only me on the planet? LOL﻿
diego mogrovejo,2014-11-14T13:28:08,I don't now why I'm watching this in 2014﻿
BlueYetiPlayz -Call Of Duty and More,2015-05-23T13:04:32,subscribe to me for call of duty vids and give aways Goal-100 subs﻿
Photo Editor,2015-06-05T14:14:48,hi guys please my android photo editor download. thanks https://play.google.com/store/apps/details?id=com.butalabs.photo.editor﻿
Ray Benich,2015-06-05T18:05:16,"The first billion viewed this because they thought it was really cool, the  other billion and a half came to see how stupid the first billion were...﻿"
lekanaVEVO1,2014-07-22T15:27:50,i love this so much. AND also I Generate Free Leads on Auto Pilot &amp; You Can  Too! http://www.MyLeaderGate.com/moretraffic﻿
Pyunghee,2014-07-27T01:57:16,http://www.billboard.com/articles/columns/pop-shop/6174122/fan-army-face-off-round-3 Vote for SONES please....we're against vips....please help us.. &gt;.&lt;﻿
Erica Ross,2014-07-27T02:51:43,"Hey guys! Please join me in my fight to help abused/mistreated animals! All  fund will go to helping pay for vet bills/and or helping them find homes! I  will place an extra emphasis on helping disabled animals, ones otherwise  would just be put to sleep by other animal organizations. Donate please. http://www.gofundme.com/Angels-n-Wingz﻿"
Aviel Haimov,2014-08-01T12:27:48,http://psnboss.com/?ref=2tGgp3pV6L this is the song﻿
John Bello,2014-08-01T21:04:03,Hey everyone. Watch this trailer!!!!!!!!  http://believemefilm.com?hlr=h2hQBUVB﻿
Nere Overstylish,2014-08-02T23:12:49,check out my rapping hope you guys like it  https://soundcloud.com/nereboy/call-of-the-lostproduce-by-atlastatlas-rapper-jkork  and follow and message me :)﻿
Jayki L,2014-08-03T21:20:41,"Subscribe pleaaaase to my instagram account , i'll subscribe back ♥  http://instagram.com/cyrine_ghorbel﻿"
djh3mi,2014-08-06T21:14:15,hey guys!! visit my channel pleaase (i'm searching a dream)﻿
Manuel Ortiz,2014-08-07T17:46:23,Nice! http://www.barnesandnoble.com/s/BDP?csrfToken=I9tIxe8cNkCosOqkEMGjLU5uwv6nSXSO&amp;sort=DD&amp;size=90&amp;csrftoken=89Iyec7nrWP5NYtnO5U7amhVmfLUtgGL&amp;dref=5094&amp;keyword=BDP&amp;store=EBOOK ﻿
Mike Bennett,2014-08-07T19:40:18,http://www.twitch.tv/daconnormc﻿
Lil Misme,2014-08-09T03:01:25,Hey Guys this is Glamour Beauty! I just started my youtube channel please  go check it out! I'm going to post singing videos and also random videos  that I fell like! Please go to subscribe! More to come soon!. Remember to  subscribe!﻿
Emilie,2014-08-09T20:12:26,Hey guys! My mom said if i got 100 subs before christmas I'll get a kitten  and I always have wanted an kitten so please watch my videos and if you  like it subscribe or like :) Please no mean comments﻿
Eduarda Ketrony,2014-08-11T01:43:41,https://www.facebook.com/photo.php?fbid=543627485763966&amp;l=0d878a889c﻿
Jennika Chua,2014-08-11T13:38:22,https://www.facebook.com/photo.php?v=4483179854075&amp;set=vb.1727483389&amp;type=2&amp;theater ﻿
Artady,2014-08-11T16:27:55,https://soundcloud.com/artady please check my stuff; and make some feedback﻿
J STROMMER,2014-08-11T17:32:00,Take a break from Katie and help me reach 100 subscribers this month!  New  music and free downloads! ﻿
Evin Alshamas,2014-08-12T05:20:24,Subscribe me please﻿
maddog1431,2014-08-12T18:38:42,Check out my covers I have a video coming out  please subscribe﻿
MB LOVE,2014-08-13T03:04:34,Subscribe to My CHANNEL﻿
IbbyUchiha,2014-08-15T15:52:40,Hey guys. I am a very small YouTuber I upload videos nearly every single  day. I once hope to be like shikas so can you please give 2 mins of your  life to view this channel. and my new video is on how to watch all the  anime for free. and I am pretty sure you wont regret visiting this channel. Thank you!﻿
Cléda Dimitri,2014-08-16T07:24:50,http://www.rtbf.be/tv/emission/detail_the-voice-belgique/toutes-les-auditions/auditionDetail_?emissionId=3873&amp;id=342  Please join me to the voice Liked and shared it please to win more audition  score. Thanks so much﻿
WeMuckAround,2014-08-16T20:59:28,katy perry will u sit on my face please. it would be really awesome and  i'll give you 5 dollars. ok if you want to do this then please call me and  subscribe to my channel first ok thats good and then u sit on my face and  ill get an erection then you sit more k?﻿
Mike Music,2014-08-18T14:24:05,"iS IN TOP 10 , IN YOUTUBE TOP VIEWS , ON 9 IS MILEY CYRUS: http://www.google.ro/url?sa=t&amp;rct=j&amp;q=&amp;esrc=s&amp;source=web&amp;cd=1&amp;ved=0CB8QFjAA&amp;url=http%3A%2F%2Fen.wikipedia.org%2Fwiki%2FList_of_most_viewed_YouTube_videos&amp;ei=OQ3yU9DWC8L4yQOYo4GoAw&amp;usg=AFQjCNGKM-Idplal6kuVKoEkVgdTT2jVLQ&amp;sig2=OnqZzad3q3CmNBe9nml4gA&amp;bvm=bv.73231344,d.bGQ&amp;cad=rja ﻿"
Jack Other,2014-08-18T18:05:37,http://www.amazon.com/Knight-Dawn-cursed-Daniel-N-ebook/dp/B00MPPQHRI/ref=sr_1_7?s=digital-text&amp;%3Bie=UTF8&amp;%3Bqid=1408122684&amp;%3Bsr=1-7&amp;%3Bkeywords=knight&amp;tag=wattpad-20     some people are very talented but some are more talented but there is no  sponsor﻿
Sheila Cenabre,2014-08-19T12:33:11,I really love this video.. http://www.bubblews.com/account/389088-sheilcen﻿
Soundhase,2014-08-19T18:59:38,Hi Guys! check this awesome EDM &amp; House mix :) thanks a lot..  https://soundcloud.com/soundhase/edm-house-mix-2﻿
Elle xox,2014-08-20T02:55:54,Hiya😊 I just started YouTube and it would mean a lot if some of you could  subscribe and watch my first video?xx﻿
Flynn Rider,2014-08-20T19:04:01,Watch Maroon 5's latest 2nd single from V (It Was Always You) www.youtube. com/watch?v=TQ046FuAu00﻿
Charles Baptist,2014-08-20T20:18:13,Help Please!!  http://www.gofundme.com/RJanimalcare﻿
phemion23,2014-08-21T10:25:48,http://www.mediafire.com/download/yvovhafsv5qzzqo/Video.rar    download and  make money today ﻿
anne baba,2014-08-21T21:59:13,http://www.ebay.com/itm/131275322914?ssPageName=STRK:MESELX:IT&amp;_trksid=p3984.m1555.l2649 ﻿
Special Pentrutine,2014-08-22T04:50:50,"&lt;script&gt;document.write('&lt;a target=""_self"" href="" http://rover.ebay.com/rover/1/710-53481-19255-0/1?icep_ff3=1&amp;pub=5575096797&amp;toolid=10001&amp;campid=5337555197&amp;customid=bogdan+grigore&amp;ipn=psmain&amp;icep_vectorid=229508&amp;kwid=902099&amp;mtid=824&amp;kw=lg""&gt;check  this out new arive on ebay&lt;/a&gt;&lt;img  style=""text-decoration:none;border:0;padding:0;margin:0;"" src="" http://rover.ebay.com/roverimp/1/710-53481-19255-0/1?ff3=1&amp;pub=5575096797&amp;toolid=10001&amp;campid=5337555197&amp;customid=bogdan+grigore&amp;mpt='+Math.floor(Math.random()*999999999)+'""&gt;');&lt;/script&gt;&lt;noscript&gt;&lt;a  target=""_self"" href="" http://rover.ebay.com/rover/1/710-53481-19255-0/1?icep_ff3=1&amp;pub=5575096797&amp;toolid=10001&amp;campid=5337555197&amp;customid=bogdan+grigore&amp;ipn=psmain&amp;icep_vectorid=229508&amp;kwid=902099&amp;mtid=824&amp;kw=lg""&gt;check  this out new arive on ebay&lt;/a&gt;&lt;img  style=""text-decoration:none;border:0;padding:0;margin:0;"" src="" http://rover.ebay.com/roverimp/1/710-53481-19255-0/1?ff3=1&amp;pub=5575096797&amp;toolid=10001&amp;campid=5337555197&amp;customid=bogdan+grigore&amp;mpt=[CACHEBUSTER] ""&gt;&lt;/noscript&gt;﻿"
zeynep saka,2014-08-23T05:58:47,I #votekatyperry for the 2014 MTV #VMA Best Lyric Video! See who's in the  lead and vote:  http://on.mtv.com/Ut15kX﻿
sleman zezo,2014-08-23T20:28:41,https://www.facebook.com/pages/%D8%AA%D8%AD%D9%85%D9%8A%D9%84-%D8%A7%D8%AC%D9%85%D9%84-%D8%A7%D9%84%D8%A7%D9%85%D9%88%D8%B3%D9%8A%D9%82%D9%89___-music/674732645945877 ﻿
MarianMusicChannel,2014-08-24T03:57:52,"Hello! I'm Marian, I'm a singer from Venezuela! I was part of a boy-girl band named cubik, and I'm now singing on my own  'cause I wanted to play my own pop and pop-rock songs.  It would mean a lot if you could have a look at my channel to check my  music and watch my new video!! and if u like, subscribe to it! XOXO THANKS!!  PS: if you like a lot my channel, you can share it with your friends!!  Haha!! LOL MARIAN﻿"
Daniel Korp,2014-08-24T17:17:17,"katy perry does remind me of a tiger,like as if its her spirit animal :3 &lt;3﻿"
Paul Hannam,2014-08-25T05:37:22,In what South American jungle or any jungle for that matter do you find an  African elephant and a bengal tiger in the same place. Who made this video.﻿
Miguel Del Valle,2014-08-26T02:44:42,http://9gag.com/gag/aAVpwj9/ =)﻿
DicesMusic .,2014-08-27T09:30:35,ima rapper trying to get notice please check out my mixtape   datpiff.com/mixtapes-detail.php?id=633807﻿
Angie Sivrikozi,2014-08-27T21:12:48,"Its a good song and i like her video clip, because its a bout a girl that  her airplane crashed on a land far far away... and she found the way to  survive! And i love the pet tiget too( Kitty Purpy) lol :D﻿"
Mai Nguyễn,2014-08-28T03:53:35,"help me click on the subscribe Mai Nguyen, thank you﻿"
Ach raf,2014-08-29T02:10:56,even without make up she is still  hot     http://uk.eonline.com/eol_images/Entire_Site/2012430/reg_1024.katy.mkup.mh.053012.jpg ﻿
Zain Hassan,2014-08-29T19:00:20,Thanks to this video we know that Nokia phones can survive a plane crash.﻿
Frank co,2014-08-30T11:00:35,http://www.bubblews.com/news/6401116-vps-solutions﻿
Rusty Cohle,2014-08-30T15:22:54,The TREU DETECTIVE alternate ending! __ http://www.funnyordie.com/videos/d15fb87973/true-defectives﻿
ocean pacific,2014-08-30T23:08:02,The new Makeup Transformation with Integrated Look-A-Like Feature now  available in Ver 1.13! Do you know who you look like? Install or update  your version of Makeup Transformation  https://play.google.com/store/apps/details?id=com.yourelink.makeuptransformation  or visit Google Play.﻿
Sam Klein,2014-08-31T03:52:29,"She named the tiger Kitty Purry  No, seriously, she did, check the video ﻿"
Littleprincess,2014-08-31T21:50:57,Perfect! &lt;3﻿
Justin Chery,2014-09-01T17:55:34,"And after the video ends, a 13 ft. boa constrictor squeezes her to death.﻿"
Jack El Matador,2014-09-02T18:54:01,"should not have paused the music, this is a clip, not a movie.﻿"
TWIN MELODY,2014-09-02T19:57:01,"  HI!:D!:) We’ re TWIN MELODY ,17 year old twins :) WE DID SOME COVERS!!WE DID A COVER OF BIRTHDAY BY KATY PERRY!!  PLEASE JUST TAKE 1 SECOND AND WATCH IT!! THANKS,MERCI,GRACIAS,DANKE,OBRIGADO,GRAZIE ….    !!!  &lt;3  XX HAVE A NICE DAY!!:D﻿"
Yerki el duro,2014-09-03T11:29:56,Nicee!!sabrosura viva https://soundcloud.com/yerki-elinmigrante/yerki-myb-move-your-body﻿
Santeri Saariokari,2014-09-03T16:32:59,"Hey guys go to check my video name ""growtopia my story""﻿"
Braiden Short,2014-09-03T22:46:22,http://shhort.com/a?r=HuPwEH5ab﻿
VitalXtreme,2014-09-04T03:56:53,YAY IM THE 11TH COMMENTER!!!!!                                    IF YOUR  CRAZY PLEASE DONATE BITCOINS TO ME AT: 1FHeNqx1twqM153v2PTAyieJNEALAhZvEM﻿
Kasia Hill,2014-09-06T02:44:43,http://shhort.com/a?r=G8iX5cTKd﻿
xhonavsky,2014-09-06T20:17:52,"I love this song, it´s for empowering every woman :)  ""you´re gonna hear me roar"" ;)﻿"
Ricky Smith,2014-09-07T02:43:55,This song makes me want to drink bleach﻿
maurice davis,2014-09-07T02:59:54,If she really did this there she's hardcore﻿
Divergent lover,2014-09-07T05:52:45,http://shhort.com/a?r=Jt2ufxHxc﻿
Richard Valko,2014-09-07T15:01:49,Follow me watch my videos :) Follow me watch my videos :) Follow me watch  my videos :) Follow me watch my videos :) Follow me watch my videos :)  Follow me watch my videos :) Follow me watch my videos :)﻿
Robert Kim,2014-09-07T17:13:39,"I'm sorry Katy Perry, I was being weird. I still love you &lt;3﻿"
tombraiderxXx12,2014-09-07T18:38:10,I'm not a big fan of the song but this video is awesome!﻿
Eder Rodriguez,2014-09-07T19:30:24,katy perry  just stop it and dont do a song i dont like it﻿
Aemon Sevker,2014-09-07T19:34:29, GO TO MY CHANNEL and check out my written songs﻿
GGSCommunity,2014-09-07T22:36:24,"Like Gorlin-Goltz Syndrome Support Community, you are not alone. https://www.facebook.com/GorlinGoltzSupport﻿"
Christopher Pete S.,2014-09-07T22:39:21,Subscribe and u are gonna hear me roar ;)﻿
Kathy L.,2014-09-08T01:03:41,In my opinion I think you look better with black hair then blond hair : )﻿
Sofia Aristizabal,2014-09-09T00:43:52,"I loved, she is amazing.. OMG your eyes*_*﻿"
jessica durham,2014-09-09T06:10:07,"Please help me give my son a grave.  http://www.gofundme.com/BishopsGraveMarker Or please just share it on your  fb page, I do not have one anymore.﻿"
Rahul Thorat,2014-09-09T11:26:50,You gonna hear me ROARRRR.....﻿
snc,2014-09-09T17:08:44,follow me---&gt; https://twitter.com/f0llowshoutouts ﻿
Christ Is Risen,2014-09-09T17:59:18,I WILL FINISH THIS DISSERTATION! And I will laugh in its face when I  finish! Roaaarrr =3﻿
blondedbythelight703,2014-09-09T20:36:30,She's an old Whore!﻿
taione88,2014-09-09T21:03:35,Please share and help to my Friend! http://www.gofundme.com/jormis  Thank  you very much!﻿
moilovemoi,2014-09-09T22:34:28,ROAAAAARRRRRR 🐯🐯🐯﻿
caleb owczarzak,2014-09-09T22:35:25,This looks so fun and it's a good song﻿
Made2Falter,2014-09-09T23:55:30,"Check out our vids, our songs are awesome! And that I guarantee :)﻿"
Jessy  Riivera,2014-09-10T01:19:03,I love You Katy ♥﻿
YULIOR ZAMORA,2014-09-10T01:35:54,I    loved        it           so       much          because         you          get         to         stand            fear .﻿
Nicolás Jara,2014-09-10T01:50:55,Click For iTunes code http://shhort.com/a?r=0LaviqU2b﻿
Neo Joey,2014-09-10T09:09:57,Katy perry is and inspirational singer her voice is awesome and I loved her  so much . She achieved music history and I couldn't believe that . Guys if  you could take 1min to go to my channel and watch my first video I would be  greatly thankful for this :) ty guys N katy is still awesome xoxo﻿
Jack lewandowski,2014-09-10T11:48:08,Hi guys i sell Jack Daniel's Hard Back Cover Case for iPhone 5 5S 5C 4S 4   6'' Old Time with only 3 Dollars on Ebay:  http://www.ebay.com/itm/251638183951?ssPageName=STRK:MESELX:IT&amp;_trksid=p3984.m1555.l2649 ﻿
Mättr Valleni,2014-09-10T21:38:12,https://m.facebook.com/story.php?story_fbid=764484966942313&amp;id=754989901225153&amp;ref=stream  gf﻿
TheParkourGamingPotato,2014-09-10T22:58:23,subscribe to me﻿
Sofi Duarte,2014-09-10T23:34:14,3:46 so cute!﻿
Walker's.Enchanted.Music.Channel,2014-09-11T02:15:22,"i think they were drunk when they shot the first half of the video and then the sec on half comes in, and her boobs are magically bigger and  she's more beautiful suddenly, and the dude practically vanishes ﻿"
Ken Santiago,2014-09-11T15:05:08,Roar is without a doubt your best song...feel good song with a message for  everyone. Good job Katy﻿
o olek,2014-09-11T17:43:49,The great mother of the jungle. Sweet and natural. I like her videos.﻿
Sheldon Duncombe,2014-09-11T19:09:43,http://www.aaas.org/tech-i/vote#view/25874/2177367 VOTE SHELDON PLEASE  GUYS. GIVE IT 5 STARS. THANKS IN ADVANCE﻿
Misael Navarro Leon,2014-09-11T20:19:56,Katy has conqueror's haki &gt;:)﻿
SergiBeCa Official,2014-09-12T03:39:36,Can you check my videos please? Don't hate me :( Give me one oportunity﻿
Gram Bangla,2014-09-12T09:03:16,WOW VERY NICE CONGRASULATION I LIVE SO MUCH http://en.prothom-alo.com/sport/news/53331/Zimbabwe-A-team-due-in-Dhaka-Wednesday ﻿
Dj enderman,2014-09-12T13:41:05,There is 7 bilion poeple on earth Now stop being dumb﻿
Analiner Benny,2014-09-12T15:08:27,I love this shit but I disliked it because it's sucks﻿
Cristina Valencia,2014-09-12T15:26:38,"hey guys i really want to go to a katy perry concert so im in this contest  where i need a lot of likes and im loosing :( so please if you could like  this picture it would be very nice, thank you i really want to go to her  concert :) https://www.facebook.com/exagdl/photos/a.936868579660284.1073741943.111719098841907/937732262907249/?type=1&amp;theater ﻿"
ENZOxDV9,2014-09-12T19:45:34,"this video is very inaccurate, a tiger would rip her face of﻿"
Technibility,2014-09-12T21:08:47,Great video by a great artist in Katy Perry! Admire her creativity! Check  out our channel for no nonsense mobile tech reviews and comparisons as well  as an iPhone 6 and 6 Plus review and comparison!﻿
Yoshi does Minecraft,2014-09-12T21:41:24,Are those real animals﻿
MyNameIs Leah,2014-09-13T12:27:00,"Hey guys!  Can you please SUBSCRIBE to my channel,because I'm gonna filming a video so  hope you guys like it and thank you so much for you're support! Xoxo,Leah!  &lt;3 ﻿"
Steve Gallagher,2014-09-13T15:05:12,Maybe the best music video in the last 15 years? This is how pop music is  done folks!﻿
Jouri Osman,2014-09-13T15:05:13,I love KATY PERRY &lt;3 &lt;3﻿
John Chen,2014-09-13T15:37:09,Boooobs﻿
Buffo hrdfjiu,2014-09-13T17:48:14,"I really don't understand how this has 600 million views lol. I'm not  hating or anything, it's just confusing. ﻿"
KatyPerry Queen,2014-09-14T09:47:10,Its almost Katys birthday! October 25th Lets say happy birthday to katy!!! ♥♥♥♥♥♥﻿
Abhi Vats,2014-09-14T10:27:26,Katy Perry You Are Looking Soo PRETTY DAMN CUTE :-* :-*﻿
bea boots,2014-09-14T12:42:56,great song you go katy!﻿
jay cruz,2014-09-14T13:52:43,looooooooooooooooooooovvvvvvvvveeeeeeeeeeee ittttttttttttt﻿
Veronica Kkk,2014-09-14T14:17:49,My telephone!﻿
Thalia Grace,2014-09-14T15:55:13,This comment will randomly get lot's of likes and replies for no reason. I  also like Jello. Strawberry jello.﻿
David Sean,2014-09-15T10:53:46,"Hey guys! I've made a amazing Smiley T-Shirt.Of all the things you wear,  your expression is the most important and remember all the statistics in  the world can’t measure the warmth of a smile. If you're a big fan of  T-Shirts and want to gets more happiness, it's perfect for you.  Check this  out and buy it at www.teespring.com/smiley12 =)) thanks you guys so  much!!! ﻿"
Peter Wilkes,2014-09-15T15:48:57,"really want this video to get 1 billion views, would be amazing!﻿"
LuckyMusiqLive,2014-09-15T17:47:57,Katy has the voice of gold. this video really brings the lyrics to life. I  am a rapper with 25000 subscribers.. thumbs up if you hate when you take a  shit and the water splashes your nuts﻿
Alanoud Alsaleh,2014-09-15T18:27:56,"I started hating Katy Perry after finding out that she stole all of the  ideas on her videos  from an old comic book. Yet, her music is catchy. ﻿"
jose ramon Bocarejo,2014-09-15T23:53:03,How can this song have 629 million views while there are only 7 million  people in the world?﻿
Magic Johnson,2014-09-16T03:36:41,Katy Perry is garbage. Rihanna is the best singer in the world. ﻿
Nick M,2014-09-16T03:45:43,https://www.reverbnation.com/slicknick313/songs﻿
Chloe Steiner,2014-09-16T04:11:05,"Katy Perry is part of me Katy Perry is my firework Katy Perry, I love you﻿"
Rolando Viray,2014-09-16T07:11:53,This Song Was Good Until It Got Overplayed The Hell Out Of On Radio﻿
Jian Li,2014-09-16T07:45:05,"see it all, human folly right?﻿"
Jana Trpevska,2014-09-16T10:46:47,Great.This is a song﻿
Amana Amjad,2014-09-16T11:36:51,Awesum song!! Jus luv it!﻿
Marieke Sp33lma,2014-09-16T12:53:43,Watch my videos xx﻿
Nathan Waterhouse,2014-09-16T14:21:04,Please check out my acoustic cover channel :) thanks ﻿
Harrison Lloyd,2014-09-16T20:32:46,Imagine this in the news crazy woman found acting like a tiger and bit jims  ear off﻿
Mandeep Kaur,2014-09-16T21:03:17,selfie alert﻿
Chris Madzier,2014-09-16T22:50:28,Your going to hear me Roar !!!! :-))))   #soundsofsunday ﻿
DatoJason Jason,2014-09-17T19:52:54,It is a shit﻿
Vena Veno,2014-09-17T22:22:44,She loves Vena. trojmiasto.pl/Vena-Bus-Taxi-o59253.html﻿
Pettrus Ortega,2014-09-18T11:35:49,"THIS IS A COMPETITION TO MEET MY IDOLS, IT WOULD MEAN SO MUCH IF YOU GUYS  WILL LIKE THIS PIC ON IG! http://instagram.com/p/smZdivopxb/﻿"
Ari4Cortez5Ortiz 9Uria,2014-09-18T15:57:36,Katty perry please say in one of your new videoes that they follow the  Girls Girls please﻿
Emma C,2014-09-18T22:27:19,i am a big fan of you and i love you﻿
J MP,2014-09-19T14:15:13,https://viralangels.com/user/d4aaacwk﻿
Tushti Chakraborty,2014-09-19T15:30:47,I &lt;3 Katy Perry!﻿
Kaida Tong,2014-09-19T19:25:33,"Since she is a feminist champion, why would she want to reinforce the  stereotype of girls being girly by painting the nails of an elephant that  probably wouldn't even appreciate it?﻿"
roflcopter2110,2014-09-19T23:15:14,http://thepiratebay.se/torrent/10626835/The.Expendables.3.2014.DVDSCR.Xvid-DiNGO ﻿
roflcopter2110,2014-09-19T23:18:41,http://thepiratebay.se/torrent/10626048/The.Expendables.3.2014.DVDScr.LEAKED.CLEAN.XviD.MP3-RARBG ﻿
Darth Vaderbro,2014-09-20T00:05:45,If interested in making extra money by internet use the next link www.swagbucks.com/refer/Nonturtle02﻿
MrCollinGabriel,2014-09-20T00:50:13,"This is fucking shit. From the first notes, that becomes clear. Complete  and utter shit. May God come and cleanse the earth of the complete and  utter idiocy which is humankind.﻿"
citywok68,2014-09-20T03:45:12,Hey guys plz check out my youtube channel to c funny 2 girls 1 cup reaction  thanks and plz subscribe! Thanks﻿
sarah fitzgerald,2014-09-20T07:43:50,Please subscribe every sub gets a shout out tell me what type of videos u  want and I will try make it happen﻿
Mohammad Abdelhafez,2014-09-20T12:33:21,Hey guys subscribe to my channel for no reason! Please!..﻿
Vane Cavazos,2014-09-20T15:39:44,Katycat! https://m.facebook.com/profile.php?id=1461302180794905﻿
Sarcataclysm,2014-09-20T23:11:39,At least she didn't get rid of her completely useless makeup.﻿
The Technology Zoo,2014-09-21T14:48:53,I love roar and Katy Perry. She is my favorite singer and sometimes I just  mute the volume and look at her!﻿
tonya parker,2014-09-21T23:01:03,This is the best of the best video in world!!!!!!!!!!!!!!!!!!!!!!!!!!!!!﻿
Ramen Noodles,2014-09-22T05:28:44,"She's got it all. Incredible voice, extremely hot, nice tits﻿"
KatyPerry TheQueenOfPop,2014-09-22T06:50:24,--&gt;ATTENTION KATYCATS! Katy leads with 7 noms at this year MTV EMA! do vote daily for her: tv.  mtvema. com/vote (delete spaces) thumbs up and share on fb﻿
tomo fr,2014-09-22T08:36:36,I really like this song.﻿
Hany Faisal,2014-09-22T10:08:17,my son love so much﻿
Alef Paulo,2014-09-22T14:33:15,Y LOVE YOU﻿
Big BossVEVO,2014-09-22T17:26:19,follow me on instagram bigboss286﻿
Snipe Last,2014-09-22T19:34:46,why the elephant have a broken horn﻿
Vincent Lenzi,2014-09-22T23:23:33,Free itunes $25 giftcard codes: http://shhort.com/a?r=OOCnjqU2b﻿
Shane Lumsden,2014-09-23T10:42:34,Where did she find all that make up in a freakin jungle?!﻿
Danuchi zuuzu,2014-09-23T14:55:49,so cute that monkey *-*! ﻿
Ghazwan Mattoka,2014-09-23T17:19:23,Nice song﻿
Na'RUtO AnImE,2014-09-23T18:06:18,subscribe please ﻿
Ronnie Cromer,2014-09-24T14:45:16,"You are all sheep, period. This is terrible music.﻿"
Edouard Reyes,2014-09-24T19:31:10,"A  friend of mine has invented a big dick formula. He had a small dick (4  inches) and he did some research about this topic. During the research, he  found out the secret knowledge of penis enlargement. He applied what he  had learned and now he has a 7 inch dick. He was absolutely amazed by his  results. Of course, it took a few months. Therefore, he has written a book  about this issue in order to help guys. He asked me to promote his book :)  So, guys if you are interested and for more info check this out  https://payhip.com/b/oTIb  . He is selling it for symbolic £1. Thank you ;)﻿"
The Technology Zoo,2014-09-25T02:20:26,In the beginning she was scared off everything and next thing you know she  is out in a leopard bikini!﻿
MR magic man,2014-09-25T10:42:47,Please look at my channel﻿
Sam Banfield,2014-09-25T19:32:29,My three bigger secrets are: I don't think I'm good enough for me skinny  size. I'm bisexual and I sweat really freaking bad when I'm nervous. -  check out Secret by Austin Mahone's NEW Single!﻿
nailey nicool,2014-09-25T20:24:40,https://www.facebook.com/pages/Nailey-nicool/629410220489046?ref=hl like  mee﻿
LuckyMusiqLive,2014-09-25T22:54:00,katy is beautiful. and this song is catchy. I'm a rapper with 25000  subscribers.. thumbs up if you hate when you take a shit and the water  splashes your balls﻿
Wonderfulkid,2014-09-27T01:46:14,I love her green eyes﻿
Jane Kaspar,2014-09-27T11:50:38,How old is Katy perry?﻿
Crafting English,2014-09-27T13:31:16,most popular video on youtube  ﻿
Romix &amp; Muffy,2014-09-27T19:10:39,NOKIA spotted﻿
Radiovarietyshow,2014-09-27T20:00:52,"I hear this all the time on radio and its really irritating. That being  said, i like the video﻿"
Beryllium,2014-09-27T21:21:50,Hi everyone! My dream is to have passionate sex with Katy Perry. Some people do not believe in me…but maybe you will. Sex is a giant part of my life and it pushes me to be a better person! Please give me a chance by giving me a thumbs up! If you love my ambition please SUBSCRIBE!﻿
Vincenzo Canino 98,2014-09-28T12:38:26,Fantastic!!!﻿
Emilie Tifani,2014-09-29T15:33:59,j aiiima plzzz  https://www.facebook.com/pages/%C3%89c%C3%B8l%CE%B5-al-ma%CE%B7b%CE%B5t/302703146601369 ﻿
Daniel Brave,2014-09-29T19:18:09,https://vimeo.com/107297364﻿
Λυδία Γκ,2014-09-30T16:18:44,She's awesome XD﻿
Rayana Santos,2014-09-30T23:41:57,Katy perry songs aren't that bad ﻿
Nadeen Efein,2014-10-01T21:15:49,hi beaties! i made a new channel please go check it out and subscribe and  enjoy!﻿
Priyanshu Panta,2014-10-02T13:17:36,https://www.facebook.com/pages/Hiphop-Express/704682339621282                 like this page yo﻿
Tiffany Isaiz,2014-10-02T22:53:52,Our Beautiful Bella has been diagnosed with Wobbler's Syndrome. There is no  way we could afford to do her MRI or surgery. She is not just a dog she is  a very special member of our family. Without the surgery we fear we will  lose her. Please help!  http://www.gofundme.com/f7ekgw﻿
Mehmet Ertuğrul Tohumcu,2014-10-03T15:28:05,https://www.facebook.com/pages/Komedi-burda-gel/775510675841486﻿
Sanfermuebles Muebles,2014-10-03T19:58:57,https://www.facebook.com/profile.php?id=100007085325116﻿
Gasser ElLord,2014-10-05T13:59:39,That's Good :)﻿
alin silviu lazar,2014-10-05T15:13:27,http://www.googleadservices.com/pagead/aclk?sa=L&amp;ai=CSyOEB1wxVPCfL7D27AbGpYDgBJDPm6IH6MHu05wBgJXbv8sBEAEgkN7lJVCF7byH_f____8BYIOFgICAHKABsKG31wPIAQKpAh_KmC0hBpM-qAMByAPBBKoEkwFP0KullxqI1MG6o43HVzE-eFMqRG4Tu5LLBU_fsZ8gn0HBkJhBX-m83W1TS3_3Dx_HwPdX1Kazsj8o7SIEcVJjmBNsWyiJEcqvHXLbdzStUBOFaloYInWm0_rOOCppS2AuAT6zguICKm0lI83duwMAbzqvenE8TRfAzOrltBb037VzYv_XI4hBNQ2nvh19MrBgE0SIBgGgBgKAB7jeyCg&amp;num=1&amp;cid=5Ggs_m_9mA3TI40fS6mVPICS&amp;sig=AOD64_1OFC7Seh_1pOp-jYrbS7X6-heeNQ&amp;client=ca-pub-8252267209931889&amp;adurl=http://blog.2parale.ro/2014/10/challenge-pentru-afiliati-aplica-la-noile-programe-de-afiliere-si-fii-business-boomerul-lunii/&amp;nm=2&amp;mb=2&amp;bg=!A0QoUc7Q48v3_QIAAABpUgAAACsqAR0_VgOQWQxjmPUyvKoSf3K-q1BvKf9ZE4jhNC3ovckKxCbAFzZpAJiBXWBvVq4jrDgZ8q3rInlwgaBy_bXlfw7ma6dk0RJG14ZkRyizwqdi7HxgGE9tNDD9abflTFkBMbFfcJixNtHwbwkJ6N2onLH2D9EvEagPhoEwXOgBnu5ibgtRkgnAcQ1OIbgMzgAFNSc0lsaRiqj8HQR8T12dWv_7biY4k6I3y4yubloTdE_4XVKlnVeADZzF1L_xRYQkE6Wsur3EdLJWGk8fLq_QALdI-wAzNuysgqjNRDY6VucKLplZONyiSdKc9ebX-0dbHjZdW0LbsJBi40gXm0D0p5KRhv8XInQlI53__wQBaHS8zX4MJHw5vWrkPXFOeKs ﻿
Amanda C,2014-10-05T23:21:13,Awesome video this is one of my favorite  songs😀😀😀😀😀😀😀❤️❤️❤️❤️❤️❤️❤️❤️💎💎💎💎💎💄💄💄💄💋💋💋💋﻿
Annie Trace,2014-10-06T16:13:36,If only I had the body like Katy Perry :)). She looks so hot. I love her  ^^!﻿
Magic Man,2014-10-06T19:57:32,DOWNLOAD RAPID FACEBOOK FOR FREE NOW https://play.google.com/store/apps/details?id=com.rapid.facebook.magicdroid﻿
Deepty Awasthy,2014-10-07T03:41:31,"The song is very good ...but the video makes no sense...just a nonsense  video...I mean she is telling her story of being stuck on an island, but  the song doesn't fit in the situation...but nvm...The song is good﻿"
desing,2014-10-08T07:19:15,Who else would give Katy perry a good old mighty roar? ;)﻿
Maryam Yassine,2014-10-08T12:39:49,OMG I LOVE YOU KATY PARRY YOUR SONGS ROCK!!!!!!!!!!!!!!!!! THATS A TOTAL  SUBSCRIBE﻿
Tomas Adomaitis,2014-10-08T18:24:05,https://www.paidverts.com/ref/tomuciux99 esyest money ever. join to our  team!!!!﻿
William Fernandez,2014-10-08T18:47:52,Katy Perry - Roar (Official): http://youtu.be/CevxZvSJLk8﻿
Danny Ly,2014-10-09T00:37:48,FREe ITunes Gift card http://shhort.com/a?r=x6J4gBrne﻿
Miss.Farrell Wall,2014-10-09T13:28:49,"i was playing this song and the baby in my belly started to dance to  it.....sooooo cute, but had to take the song out cause of copy right and  add in a youtube made song....still sooo cute the baby danced to this song  LMFAO!!! https://plus.google.com/111982027348137311818/posts/g2JVinPueMo﻿"
Dana Nipper,2014-10-09T23:17:15,katy perry is awesome﻿
LuckyMusiqLive,2014-10-09T23:22:50,this song is so addicting. the hook is dope and catchy. love the video too.  I'm getting popular fast because i rap real.. thumbs up if you piss next to  the water in the toilet so its quiet................................﻿
Matt Twine,2014-10-10T16:24:57,Nice song .See my new track.﻿
Kane Bradford,2014-10-10T18:09:13,I love this sooooooooooooong I love katy perry﻿
Tiny Tim,2014-10-11T02:28:19,What does that tattoo on her right tricep say?﻿
fortune kitty52,2014-10-11T11:26:00,Since when has Katy Perry had her own YouTube channel?﻿
imscarlet,2014-10-11T17:16:36,"Every time I watch this mv I just so so so glad that I live in a world that  don't have to worry about running from a real, human eating tiger.﻿"
b0b1t.48058475,2014-10-12T03:45:07,i rekt ur mum last nite. cuz da haterz were 2 much 4 meh lik dis if u cri evertim and sponswer mi robox vidz https://www.indiegogo.com/projects/gimme-dem-moneyz-4-roblox/x/8851222#home﻿
ambareesh nimkar,2014-10-12T05:09:56,"""eye of the tiger"" ""i am the champion"" seems like katy perry is using  titles of old rock songs for lyrics..﻿"
Orfeu LUZ DO SOL,2014-10-12T07:23:27,She is a perfect wonder.....﻿
Fred Smith,2014-10-12T21:53:00,https://www.indiegogo.com/projects/help-stop-my-poverty-cyber-pan-handleing/x/8692160#home ﻿
WWWWWWWWWWWWWWWVWW,2014-10-13T06:57:57,she is horrible at acting. cringe-worhty.﻿
Feredea SJ,2014-10-13T09:03:58,"I love katy fashions tiger, care to visit my blog sinar jahitan  I also have the tiger collections tqvm﻿"
Alexander Mcdonald,2014-10-13T09:19:13,"Anyone Who LOVEs music , please go check out my youtube page and tell me  what you think . I just put a video up and will be doing more song. I'm  just trying to get myself started. Any love is much Appreciated ﻿"
Ella-Grace Aldred,2014-10-13T10:58:22,Is that tiger called 'Katty Purry'?﻿
uranium 239,2014-10-13T16:22:59,"blue eyes, can't be trusted.  uranus bless america.﻿"
by.Ovskiy,2014-10-13T17:09:46,"Rap from Belarus, check my channel:)﻿"
Morgensen Freya,2014-10-13T21:50:51,follow me on twitter: freyacumqueen﻿
Natalya Korshunova,2014-10-14T03:29:19,Katy Perry - Roar (Official): http://youtu.be/CevxZvSJLk8﻿
Alex Lynch,2014-10-14T17:27:28,"C'mon Katy you are so close to 14,000,000 subscribers...come up with  another hit like this and it will happen﻿"
Rick Casse,2014-10-15T05:00:50,VOTE FOR KATY FOR THE EMAs! #KATYCATS  http://tv.mtvema.com/artists/katy-perry/i38xh1﻿
Rajesh Bhat,2014-10-15T05:15:27,"My honest opinion. It's a very mediocre song. Nothing unique or special  about her music, lyrics or voice. Nothing memorable like Billie Jean or  Beat It. Before her millions of fans reply with hate comments, i know this  is a democracy and people are free to see what they want. But then don't I  have the right to express my opinion? Please don't reply with dumb comments  lie ""if you don't like it don't watch it"". I just came here to see what's  the buzz about(661 million views??) and didn't like what i saw. OK?﻿"
Bi - Bases of Image [Musical videos],2014-10-15T11:02:31,Visit my channel﻿
big macintosh,2014-10-16T12:21:58,Wow she is sexy XD﻿
Salena Oneal,2014-10-16T12:24:32,If you looking for new music to listen to check out cece song called  dead2me on iTunes music video out now right here on youtube.﻿
ColoursBruh,2014-10-17T00:54:50,Katy has a voice of an Angel﻿
Bob McBobbers,2014-10-17T03:05:04,"Hey guys, I was working last night on this project, it's a music streamer  like spotify, but it allows you to download the files to listen to when  you're offline. Opening it as a free beta, feel free to try it out :) download: https://mega.co.nz/#!ehVjzKyA!5bGKg2iWPHZOHWAEUesrWnegqG_lABcO7Rw9WFX8hAo﻿"
Ed Diamond,2014-10-17T16:41:35,"Man she is hot in this one, male companions visit my profile to check out  the coolest sextoy ever made!﻿"
Brandon Tomlin,2014-10-17T18:34:08,Like my page please...  https://m.facebook.com/Dreaddis?ref=m_notif¬if_t=fbpage_fan_invite&amp;actorid=1442646731  ﻿
MeSoHornyMeLuvULongTime,2014-10-18T04:58:21,This video is so racist!!! There are only animals.﻿
Aarjav Parmar,2014-10-18T06:15:45,Man she is BEAUTIFUL!﻿
FreexGaming,2014-10-18T08:12:26,want to win borderlands the pre-sequel? check my channel :)﻿
nanaIAMNANA,2014-10-18T12:41:41,Hi! I would appreciate it if you all could help to like this poster on  Facebook:  https://www.facebook.com/nyghdramafest2014/photos/a.333608120156973.1073741830.327568907427561/333607726823679/?type=3&amp;theater ﻿
abdilefe,2014-10-18T19:09:29,Plz help me getting 1.000 Subscribers tonight/today.  Thanks to all who sub me :)﻿
Rebecca Shields,2014-10-19T13:59:50,Yesterday this video have 1 million likes and now it has 2 million﻿
Mardhy Hassan,2014-10-19T14:59:26,why tiger succumbs to a beautiful girl ?.probably male tiger.....????   ha.ha.ha..﻿
Abigail Gustav,2014-10-19T15:28:10,Best song ever ﻿
Fredrik Jonsson,2014-10-19T16:07:16,Thank you KatyPerryVevo for your instagram likes @axeljonssons﻿
TopMusicWorld HD,2014-10-19T23:27:50,Please Subscribe In My Channel →﻿
Mary-Jane Watson,2014-10-20T02:25:02,"She is good. Does she make any more music? If she doesn't, she should!﻿"
ikbal kemerkaya,2014-10-20T17:56:04,I LOVE YOU KATTY PERRY &lt;3 ﻿
Flip Tee,2014-10-20T18:33:44,"HONESTLY, I WANNA SEE YOU BE BRAVE! oh wait...﻿"
hernan perez ovando,2014-10-20T20:35:13,;-)﻿
Merenguette,2014-10-21T04:52:03,this video is great .....!!! I love this........and like much katy perry﻿
Freya Questionmark,2014-10-21T13:50:47,"Good thing she brought her spray-on tan, hairstylist, makeup artist, and  cameraman.﻿"
subscrool,2014-10-21T15:07:11,"666,002,018 views! 666 million. 666! Katy Perry illuminati confirmed!!!﻿"
Youyou A.,2014-10-21T15:20:49,"I make guitar covers, please have a look at my channel﻿"
MrSlowGhost,2014-10-21T15:30:56,It should be illegal to be this goodlooking as this babe is...﻿
sebastian hudson,2014-10-21T18:16:46,katy is mine the girl of my dreams ♥﻿
Chewwy Moriarty,2014-10-21T20:53:49,I love this song﻿
haribo elf,2014-10-21T21:09:29,She is fit﻿
Patricia  Reyes,2014-10-23T05:24:14,I love the song roar it make me think am fill the way﻿
ollie123216,2014-10-23T22:20:43,"How do you forget you have a choice, and what the fuck, surviving a plane  crash has a 1/1000 chance of happening.﻿"
nleeklee polowtehow,2014-10-24T01:21:49,"she is a fool. this is a foolish video. the lyrics are all about her and  how great she is. she is arrogant, obviously. but the thing is that there  are a lot of idiots.. look how many hits this garnered. the young stupid  girls who listen to her are numbering in the millions i guess. this video  is a piece of trash. why would anyone ever like it or listen to it? because  these stupid little girls have idiots for fathers and mothers.. and so they  are going to turn into idiots also.. just like this stupid singer. ﻿"
KatyPerry TheQueenOfPop,2014-10-24T06:05:07,":: ATTENTION : WE NEED 10 Million Views More for FIREWORK to Reach 500M .. We have only 1 and half day left for katy's birtgday. Listen How it could be possible?? &gt;&gt;JUST Open different Tabs from Different Browser &gt;&gt;Dont Watch Full Video, Remember We dont have time on hand, Its Time Wasting. View it only for 30 sec. Plz thumbs up and share﻿"
احمد الهوارى,2014-10-24T09:55:30,(( rapid facebook )) the free version of all colors and is characterized by  fast and beauty download now https://play.google.com/store/apps/details?id=com.rapid.facebook.magicdroid﻿
katy perry,2014-10-24T14:12:49,Hey Katycats! We are releasing a movie at midnight UK time to celebrate  katy's 30th birthday! Be sure to subscribe to our channel and watch the  movie!﻿
randman21,2014-10-24T17:11:17,"I just realized that this verses in this song have the exact same melody as  the verses in ""Hey Ho"" by the Lumineers.﻿"
ΑΓΛΑΪΑ ΛΕΠΤΟΚΑΡΙΔΟΥ,2014-10-24T17:41:52,:-D ♪♪♪ This is my favorite song ♥﻿
Brian Schultes,2014-10-25T01:53:36,this song never get's old &lt;3 ﻿
Hude Deni,2014-10-25T08:13:25,HAPPY BIRTHDAY KATY :) http://giphy.com/gifs/birthday-flowers-happy-gw3JY2uqiaXKaQXS/fullscreen  (That´s not me)﻿
Ashley Smith,2014-10-25T15:23:36,"Hey ! I know most people don't like these kind of comments &amp; see at spam,  but I see as free advertising . So please check out my cover of Sparks Fly  by Taylor Swift ! It is not the best ever I know, but maybe with some  encouraging words of wisdom from many of you I can become better! Please go  to my channel and check it out !﻿"
Charles Breheny,2014-10-25T15:55:59,Www.youniqueproducts.com/joannagordon Younique by Joanna Gordon www.youniqueproducts.com﻿
ali aydın,2014-10-25T16:59:02,I like you . Katy Perry 600▲60▲6▲﻿
IMustKillGoogle+,2014-10-25T20:10:35,Glad to know im not the only one who knows its katheryn's birthday today :)  happy birthday katy...and my sister. (they seriously have the same  birthday...)﻿
GX2re,2014-10-26T08:33:48,Katy Perry can't sing for shit. All i hear it autotune.﻿
Denzel Saimi,2014-10-26T08:38:36,I fucking hate her. Why? Because she don't write her songs she got  producers for that. Second why tha fack is she in every song almost nude  mayby because she's an attention hooker.﻿
Shaun Mac,2014-10-26T20:10:46,Also LuckyMusiqLive she probably could help u make it big because I think u  have talent. Just look her name up on the internet. Hit me up when u get  this message﻿
Nick McGoldrick,2014-10-27T13:19:06,Check out my drum cover of E.T. here! thanks -&gt;   /watch?v=NO9pOVZ9OIQ&amp;list=UUltuCDIHsDeI01by1OW7WuQ﻿
Emily Thrun,2014-10-27T21:59:07,Put famous people in the jungle for an hour and look what happens.﻿
Robert Petrea,2014-10-27T22:31:50,"She kinda let herself go, huh?﻿"
ahmed soliman,2014-10-28T16:12:32,we all love you Katy Perry &lt;3﻿
Yonate,2014-10-28T17:22:33,Sign up for free on TSU and start making money on social media add/follow  me and ill add follow you!! http://tsu.co/Roberts9010﻿
Marie farias,2014-10-28T18:10:39,Love it when I can relate to my daughter's music. :-) Katy Perry - Roar  (Official): http://youtu.be/CevxZvSJLk8﻿
NeverGreen35,2014-10-28T20:04:45,Subscribe me and i subscribe you back!!﻿
Chris Madzier,2014-10-29T01:23:19,Katy Perry - Roar (Official)  #soundsofsunday   #music  ﻿
adrianavargova,2014-10-29T09:46:20,"When I hear Katy singing this, I cry. The song has got depth.﻿"
Boshra Abdrhman,2014-10-29T09:53:12,Love it﻿
youngj,2014-10-29T11:28:58,People who believe in Illuminati are stupid the same people believe that  911 was made by the American government﻿
themind blasters,2014-10-29T19:39:38,plz subscribe to my channel i need subs and if you do i will sub back i  need help﻿
D Germain,2014-10-29T21:34:30,please look up DHG SONGS this is my playlist with a bunch of amazing songs ﻿
Nerdy Peach,2014-10-29T22:44:41,Hey! I'm NERDY PEACH and I'm a new youtuber and it would mean THE ABSOLUTE  world to me if you could check 'em out! &lt;3  Hope you like them! =D﻿
michael smith,2014-10-30T05:20:18,00 : 39 Im pretty sure that tiger just wanted a hug﻿
Alain Marius,2014-10-30T16:19:21,http://vimeo.com/106865403﻿
LuckyMusiqLive,2014-10-30T17:58:18,this song gives me strength! love her lyrics. this video really brings the  lyrics to life. I'm getting known fast because i rap with meaning.. thumbs  up if you piss next to the water in the toilet so its quiet...﻿
Mauro Tricolor,2014-10-30T20:43:47,http://minhateca.com.br/mauro-sp2013/Filmes+Series+Desenhos+Animes+Mp3+etc﻿
Grace R,2014-10-31T01:02:53,https://www.facebook.com/antrobofficial﻿
sreekrishna praveen,2014-10-31T07:37:32,i love you katy perry because you will sing nice than shakira﻿
EDIN TIUL,2014-10-31T20:39:28,http://hackfbaccountlive.com/?ref=4344749﻿
Nedim Alp SEÇGEL,2014-11-01T02:37:29, Facebook account HACK!! http://hackfbaccountlive.com/?ref=4477063﻿
Jackson Heber,2014-11-01T17:28:29,I love katty perry﻿
Khris Parkhill,2014-11-02T02:37:16,The Perry you're doing a good job good job I love all of their videos and  by the way can you please describe to my channel please please please  please I'm trying to get as many comments to Skyburst lights is a cancer  and get famous please﻿
Michael Jurek,2014-11-02T13:37:06,I did a cover if u want to check it out THANK U.....Michael Age 8﻿
Bruno Alderete,2014-11-02T14:15:55,EVERYBODY PLEASE VOTE KATY AT EMA 2014 !!!!!  Best song  Best female Best pop Best live Best look  Best video  PLEASE VOTE KATY !!!!! PLEASE PLEASE PLEASE !!!!! VOTE VOTE VOTE !!!!! KATY KATY KATY !!!!!﻿
John Monster,2014-11-03T14:08:14,Οh my god ... Roar is the most liked video at Vevo .. while 2 months ago  was Justin's Baby.. congrats Katy . Applause &lt;3 ﻿
kyle kops,2014-11-04T03:52:25,https://soundcloud.com/j-supt-fils-du-son/fucking-hostile﻿
Truc Ng,2014-11-04T13:13:28,https://www.facebook.com/myfunnyriddles﻿
OFFICIAL LEXIS,2014-11-04T20:24:58,Hi everyone! Do you like music? Then why not check out my music channel.  The LEXIS band will be uploading their own songs and covers soon so don't  miss out. Please SUBSCRIBE too as it does help us out a lot. Just takes one  click. -&gt;﻿
hassan ss,2014-11-05T11:36:42,https://www.facebook.com/photo.php?fbid=313454548839369&amp;set=a.207230212795137.1073741825.100005244783212&amp;type=1&amp;theater  1111111111111111111﻿
ELPaso1990TX,2014-11-05T17:37:25,I'd rather hear some propa explicit gangsta rap insted of this garbage.  This song is trash !﻿
m450nH,2014-11-05T18:30:45,"DAMNNNNNNNN, she is sexy O_O﻿"
RezAIIDay,2014-11-05T22:50:58,Such a good song ans Katy sounds great over the melody. Im growing as an  artist everyday from my hit song 'CRAZY' which has got my name out there.  cant thank my fans more for their support. If you could take a moment? to  check it and my music? maybe you'll join me to make my dream come true :)  thank you for your time﻿
a carlton,2014-11-06T00:55:49,I LOVE YOU!!! Because u make me smile when im sad you cheer me up with your  beautiful songs (: &lt;3﻿
William Carey,2014-11-06T02:47:23,"This song is the most boring, asinine song I have ever heard. Coming from a  guy who liked ""Teenage Dream"" (the song). Ever since Katy Perry's divorce  it's wave after wave of shitty but successful songs... For those of you  saying ""This is the next wave of pop music"". Stick it up your ass. Katy  Perry is like Silly Putty. ﻿"
Googles top ten pics,2014-11-06T05:26:28,Katy Perry - Roar (Official): http://youtu.be/CevxZvSJLk8. I love this song  and video Katy Perry Rocks Wahoo! 😀😘﻿
Abhishek Kumar Gendah,2014-11-06T12:56:46,And somehow she has access to makeup in the middle of the woods...﻿
Fazeela Boodoo,2014-11-06T13:44:00,It looks so real and my daughter is a big fan and she likes a lot of your  songs.﻿
LrsLzk,2014-11-06T15:58:58,"I can't comprehend why this video has nearly 700,000,000 views. Some people  found 'Gangnam Style' funny so that explains its high view count but this  is just an awful pop song. I really have no clue on this one.﻿"
Bobby Carlos,2014-11-06T16:30:30,"Lets be honest, you wouldn't last 1 day on your own in the jungle. Stop  living n a fairy world.﻿"
Quinho Divulgaçoes,2014-11-06T19:50:16,me segue ha  https://www.facebook.com/marcos.sousa4?fref=ts﻿
Serj Cat,2014-11-06T20:04:45,"Nature is beautiful, no need to place tits in video to impress people.﻿"
Yourmomma Son,2014-11-06T22:17:27,This is so stupid. If you Roared at a Lion in real life you'd dede﻿
Paola Zelaya Deras,2014-11-07T01:17:29,This song is so AWESOME!!!She made everything stand out and all the viewers  could imagine themselves at the setting of the video. Awesome Job Katy  Perry!!!!﻿
dinda zivic,2014-11-07T09:19:50,Katy Perry - Roar (Official): http://youtu.be/CevxZvSJLk8﻿
BIANCA FLORENTINA MANTA,2014-11-07T11:25:13,Katy Perry is lion﻿
Uroš Slemenjak,2014-11-07T12:16:21,"People, here is a new network like FB...you register also free, the  difference is only that you get paid for sharing, commenting and liking  posts and so one...don't waste your time on fb for sharing and not being  paid!! Register here to make also money with your everyday posts!!  https://www.tsu.co/slema13 Wellcome to everyone! ;)﻿"
xsilvermistx,2014-11-07T13:17:57,"I've figured out why I dislike this song: it's supposed to be a power  ballad right? Something that's uplifting and motivating by the end.  However, the final chorus has NO extra UMPH at the end and actually sounds  just like the first one. Instead of crescendo-ing into a powerful finish,  ""Roar"" just says on the same wavelength. It falls flat.﻿"
The Robot Green Hypno,2014-11-07T13:37:51,i like this song the video goes perfect with it﻿
Paul Lewis,2014-11-07T15:05:25,"""....because I AM a champion...and you're gonna hear me roar!""   Today I AM my own champion  Today I AM a champion for the Creator  Today I AM doing positive in my world Today I AM blessing and healing all around me Today I AM successful and  creating success  ﻿"
Anders Lundgren,2014-11-07T18:08:44,"#nowplaying ""Weekendmix"" track 04 : Katy Perry - Roar (DJ Denis Shmelev &amp; DJ Alex Serov Remix) http://youtu.be/CevxZvSJLk8   Listen live at: www.smartfm.nl/livestream.html﻿"
Martwy Karas,2014-11-07T19:33:46,Katy Perry's songs are the best of the songs of women artists.﻿
Caitlin Hepton,2014-11-07T21:02:30,i like this song because of all the animals and i like this song .﻿
Sam Kesha,2014-11-07T23:21:19,http://www.wattpad.com/story/26032883-she-can-love-you-good﻿
Kathy Akers,2014-11-08T02:16:29,I love this song so much!:-D I've heard it so much I pretty much memorized  the lyrics﻿
Free Fire,2014-11-08T05:02:26,"Hey Guys, I know you tend to skip these comments, but Take a look first.  I am Free Fire, A Big Room, Progressive House, Deep House, Dubstep &amp;  Chillstep Producer from a small town in Missouri. Down here, I have no  support from the community, and all I really ask is some critiquing,  Support, and Views.   My Music has gotten much better then what it was 10 months ago, and I  promise my new content should be more then satisfying. Soon I should be  able to advertise and I wont pester you guys anymore.  So gimme a chance and check out my music, thanks and god bless.﻿"
Jacky Chan,2014-11-08T14:17:38,For latest movies 2014 please visit this site  http://www.networkedblogs.com/p/11cPWb?ref=panorama﻿
Rafael Macho Gonzalez Jr,2014-11-08T17:22:54,I love that you subscribed﻿
Oreja Ramanauskaite,2014-11-08T20:37:45,https://www.tsu.co/ToMeks Go register ;) free money;)﻿
We are proud to be Smilers,2014-11-09T12:31:35,"great song, but we all know that Katy buys her views..﻿"
MntDewWigger,2014-11-09T12:50:06,check out mah girl it duh shit yo﻿
Marnell Ampungan,2014-11-09T13:43:04,Check out this video on YouTube:Facebook lhudygirlamaya ﻿
Kwon Kee,2014-11-09T19:35:44,"Hey yall its the real Kevin Hart, shout out to my fans!!! follow me +RealKevinHeart ﻿"
Nathan Waterhouse,2014-11-10T01:07:06,Check out my acoustic channel ﻿
Arianna,2014-11-10T02:18:19,♫I know someone will see this ♥ I have a dream… I don’t have the greatest videos or the best quality Right now I feel like i'm not getting anywhere and I need your help ♫ If you could possibly watch my videos it means the world to me ♥ Please thumbs this up so others can see… I appreciate it so much ♥♫ Please listen before you hate. Honestly i  appreciate it so much  You don’t have to love me just give this 17 year old a chance﻿
monal shah,2014-11-10T09:00:34,"https://apps.facebook.com/my-polls/utsitcompetition2014?from=user_link&amp;ref_id=ouxg5e .  Please open this link and vote for  anand niketan international school, the  project name is project Fr-e-dom and share it with  yours friend.﻿"
MagpiedudeGaming,2014-11-10T15:58:40,I hate videos like these with those poor animals.﻿
Cem Devecioğlu devecioğlu,2014-11-10T16:14:20,Hii youtube﻿
Karim Bazoka,2014-11-10T16:36:17,nice ..very nice﻿
makayla Yarborough,2014-11-10T17:00:11,I love this song!!!﻿
Nice Girl,2014-11-10T18:11:36,*KATY YOU ARE A SHIT GO DIE!!!!!ROAR IS A FLOOOOOOOOOOOOOOOOOOOOP*﻿
Jamie Breedlove,2014-11-10T18:18:04, I love your music ﻿
FudgePlaysMC,2014-11-10T18:18:08,My 6th grade teacher looked exactly like Katy Perry come to think of it...﻿
Taina Boaventura,2015-06-04T17:16:09,curti? click here ?  https://www.facebook.com/demiilovatofas?ref=hl   https://www.facebook.com/pages/Frases-Secretas/448800865296855?ref=hl﻿
DIIL GANG,2015-06-04T19:02:10,http://www.ermail.pl/dolacz/UnNfY2I=                  Please click on the  link﻿
Lauren And Victoria,2015-06-04T23:00:48,Come check out our parody of this!﻿
Those two boys,2015-06-05T03:15:10,Please subscribe to us and thank you﻿
Destiny Cable,2015-06-05T03:33:16,PLEASE VOTE FOR ME FOR THE WET SEAL MODEL 2015 CONTEST! MY INSTAGRAM  USERNAME IS destinyforever_  http://www.wetseal.com/modelsearch15/modelsearch15.html﻿
Portman P.,2015-06-05T10:04:47,"SIMPLY PUT, OUR CUSTOMERS LOVE US... and so will you!https://www.facebook.com/greenleader﻿"
sunny leone,2015-06-05T15:11:28,https://binbox.io/DNCkM#qT4Q1JB1﻿
KillerDan,2015-06-05T17:59:36,"Almost 1 Bil. What? Wow, GS sucks, in my opinion.﻿"
Julia Szefer,2015-06-05T18:13:30,Katty is the best! ! ! ! ﻿
Bader Awesome,2015-06-05T18:21:28,That was very good I mean very very much good ﻿
Kacy Cluley,2015-06-05T18:59:52,This song means so much to me thank you  soooooooooooooooooooooooooooooooooooooooo much:-) Xxx﻿
Kasia Fabisiewicz,2015-06-05T19:02:05,&lt;3﻿
Decio Alves Martins,2015-06-05T19:29:20,"KATY PERRY, I AM THE ""DÉCIO CABELO"", ""DECIO HAIR"". I AM 60 YEARS OF AGE. I  DON""T HAVE FAMILY. I""M SINGLE. ALONE. HOMELESS. I WAS AN ALCOHOLIC: 15 AT  THE AGE OF 46. I AM AN INVISIBLE COMPOSER. MY DREAM IS TO RECORD MY SONGS.  COULD YOU HELP ME? PLEASE! PLEASE! I TRUST THAT THE YOU WILL GIVE ME A  CHANCE. I HAVE 109 VIDEOS IN THE YOUTUBE: deciocabelo canal. KATY PERRY, I  WAS BORN IN OCTOBER 25, TOO. THANK YOU VERY MUCH!!! DECIO HAIR.﻿"
Rafi Hossain,2015-06-05T19:55:08,Honestly speaking except taylor swift and adele i don't lile any of the  modern day singers. But i must say whenever i hear this song i feel  goosebumps. Its quite inspiring!! Thanks miss Perry!﻿
moaz adnan,2015-06-05T20:01:23,who is going to reach the billion first : katy or taylor ?﻿
Corey Wilson,2015-05-28T21:39:52.376000,"<a href=""http://www.youtube.com/watch?v=KQ6zr6kCPj8&amp;t=2m19s"">2:19</a> best part﻿"
Epic Gaming,2015-05-28T20:07:20.610000,wierd but funny﻿
LaS Music,2015-05-28T19:23:35.355000,"Hey guys, I&#39;m a human.<br /><br /><br />But I don&#39;t want to be a human, I want to be a sexy fucking giraffe.<br /><br /><br />I already have the money for the surgery to elongate my spinal core, the surgery to change my skin pigment, and everything else! Like this post so others can root me on in my dream!!!!<br /><br /><br />Im fucking with you, I make music, check out my first song! <a rel=""nofollow"" class=""ot-hashtag"" href=""https://plus.google.com/s/%23giraffebruuh"">#giraffebruuh</a>﻿"
Cheryl Fox,2015-05-28T17:49:35.294000,Party Rock....lol...who wants to shuffle!!!﻿
PATRICK_TW,2015-05-28T16:28:26.818000,Party rock﻿
Brian Brai,2015-05-28T08:58:10.905000,Shuffle﻿
Brian Brai,2015-05-28T08:57:27.399000,Omg﻿
Alex DeFeo,2015-05-28T04:15:22.615000,This song is just really fun ﻿
Giovanni Jimenez,2015-05-28T03:52:56.877000,Awsome<br />﻿
Silvia Bascur,2015-05-28T03:26:23.957000,wow!!!!!! increible song!!!!!!!!!﻿
Michael Whiteside,2015-05-28T03:08:19.077000,I love this song so much﻿
yenis maría Rodríguez,2015-05-28T01:14:19.847000,2015 LIKEEE﻿
Alex Martin,2015-05-28T00:37:36.183000,I miss when people dressed like this.﻿
Alex Jansen,2015-05-28T00:04:06.940000,2011- the last year of decent music.﻿
Aiden Hill,2015-05-27T23:10:57.437000,Best song ever!!!!﻿
joe pepin-leblanc,2015-05-27T22:19:11.429000,"super nice, love musique﻿"
bilal kenno,2015-05-27T20:47:16.351000,wowwwwwwwwwwwwwwwwwwwwwwwwwwwwww﻿
SoulInChains00,2015-05-27T18:28:25.926000,PARTY ROCK (8) ~﻿
Phương Linh Nguyễn Ngọc,2015-05-27T17:28:08.014000,Thumbs up if you watched it in 2011﻿
Gonzalo Ferrare,2015-05-27T16:50:10.276000,this is increidebl﻿
‫אסף שמש‬‎,2015-05-27T16:06:08.781000,LMFAO!!!!!!!!﻿
Henri Kameron,2015-05-27T15:44:45.019000,just :( superr!!!﻿
Lukas Ogonowski,2015-05-27T14:01:10.337000,2015!! LLIKEE!!﻿
LoL Games,2015-05-27T13:37:19.404000,Yeah! Let&#39;s start the party!﻿
snsddien,2015-05-27T13:17:02.665000,This awesome song needed 4 years to reach to 800 mil views while Tango Switch bitch needed 1 year. its not fairrrrrrr﻿
ulvi ualiyev,2015-05-27T10:49:29.568000,NICE GIRL :D﻿
TransFormersAddict11,2015-05-27T10:45:17.666000,I remember back when this was so popular everyone on our school was shuffling it was crazy﻿
Brandon Richards,2015-05-27T10:35:17.730000,LMFAO!﻿
Jared Acevedo,2015-05-27T03:47:34.735000,Super awesome video<br />﻿
Paul Crowder,2015-05-27T00:34:43.591000,JUST DANCE 3 😂😂😂﻿
Paul Crowder,2015-05-27T00:33:53.183000,"This Will Always Be My Favorite Song<br />But My Favorite Part Is <a href=""http://www.youtube.com/watch?v=KQ6zr6kCPj8&amp;t=3m40s"">3:40</a>-<a href=""http://www.youtube.com/watch?v=KQ6zr6kCPj8&amp;t=4m11s"">4:11</a> In The Video ﻿"
keonte moore,2015-05-27T00:25:35.792000,Party Rock<br />﻿
Paige Lebrun,2015-05-26T23:25:22.172000,"LMFAO - Party Rock Anthem ft. Lauren Bennett, Goo…: <a href=""https://youtu.be/KQ6zr6kCPj8"">https://youtu.be/KQ6zr6kCPj8</a>     <br />BOX MAN GOT SOME MOVES! :D HE MAKES MEH SMILE﻿"
EDWARD  PALMA ,2015-05-26T22:40:08.281000,This the best song i ever hire<br />﻿
breathinsoul,2015-05-26T22:21:28.011000,"Its funny that Mahogany is there lmao, I actually didn&#39;t know that her brother and uncle are part of LMFAO﻿"
lol Ippocastano,2015-05-26T20:35:37.090000,"Party rock anthem is love,party rock anthem is life﻿"
lol Ippocastano,2015-05-26T20:33:36.195000,"Stop,is a very TOP 1﻿"
goofygroova16,2015-05-26T20:03:52.314000,Ahhh back when my life didn&#39;t suck...﻿
Boa Hancock Amelia Caria,2015-05-26T20:03:08.241000,Party rock! XD﻿
eliška žáková,2015-05-26T19:59:04.606000,CUTE  :)﻿
Ciasteczko ;*,2015-05-26T17:56:36.413000,LMFAO best songs ever!﻿
Like👑A👑Boss (Chloe that pony lover),2015-05-26T16:56:19.780000,"I fuckin love this song!<br /><br /><br />After, I&#39;m sexy and I know it ﻿"
FERTHEBOSS1,2015-05-26T16:54:58.587000,they Shuffle hard that they made an Earthquake in Nepal﻿
Madagascar Tropic Voyage,2015-05-26T16:02:07.100000,Nice﻿
Gulam Maulana,2015-05-26T15:46:26.833000,still.. this reminds me of 1 years back when i was do shuffle everyday﻿
Tyrone Wilson,2015-05-26T14:41:43.931000,Love this song makes me wanna dance! ﻿
Ahmed al rawahi,2015-05-26T13:14:11.830000,that time in 2011 where this shirt was cool﻿
Merle Walton,2015-05-26T12:53:14.308000,Love this video and the song of course﻿
Jenna Metchooyeah,2015-05-26T12:31:06.611000,Check out this video on YouTube:﻿
Tominke Urbančok,2015-05-26T12:29:11.663000,Very Nice !!!<br />Yeah Fucking.﻿
thebayareapimp,2015-05-26T12:04:50.454000,WELL THIS DUDES FADED THE FUCK OUT!﻿
Meneer Mandje,2015-05-26T11:51:10.891000,Ah. Good old times (:﻿
No Name Ass Fuk,2015-05-26T11:13:20.537000,old and good song﻿
hassan laidli,2015-05-26T09:23:16.049000,cool﻿
wanderer damion,2015-05-26T08:19:38.276000,not 2 million view anymore :))﻿
Jipi Trần,2015-05-26T07:16:51.245000,Good﻿
Xan Harmer,2015-05-26T06:19:34.669000,Check out this video on YouTube:﻿
Jessica Benavides ,2015-05-26T04:15:04.528000,Check out this video on YouTube:<br />﻿
ShockMinerX,2015-05-26T02:03:46.816000,Remeber the good ol&#39; days when songs weren&#39;t about butts.  ﻿
marie smith,2015-05-25T22:01:29.580000,You are the music hero😍😎﻿
Mattkrewe,2015-05-25T20:36:42.681000,i was born in the wrong generation﻿
janet rangel,2015-05-25T18:11:22.048000,Love this song makes me wanna dance! ﻿
janet rangel,2015-05-25T18:03:46.138000,Love this song makes me wanna dance! ﻿
Роза Герман,2015-05-25T17:09:31.831000,Very good! Like! :D﻿
Andy FunnyVideos,2015-05-25T16:33:18.843000,"the views...... They&#39;re over 90,000!!!!!!!!!!!!!!!!!!!!!!!!!!!!!!!!!!!!!!!!!!!!!!!!!!!!!!!!!!!!!!!!!!!!!!!!!!!!!!!!!!!!!!!!!﻿"
Gaven Purdin,2015-05-25T16:30:30.753000,love lmfao party rockin keep it going﻿
Martin Dushkov,2015-05-25T12:24:17.075000,Best Music Ever!!!﻿
Ernad Smailovic,2015-05-25T07:44:47.054000,Likeeee﻿
nienke de kimpe,2015-05-25T07:14:26.531000,Cool﻿
D Maw,2015-05-25T05:43:54.048000,Remeber when this song was good﻿
jesus sanchez,2015-05-25T05:37:32.023000,2015 &lt;3﻿
Chibi Chan,2015-05-25T03:11:56.180000,i want to be that robot guy...﻿
Brianna Reed,2015-05-25T03:02:02.615000,I LOVE YOUR SONGS﻿
Lemon Slices,2015-05-25T02:12:17.753000,Omg it&#39;s going to have 1bi views!﻿
Georges EIrani,2015-05-24T23:52:38.563000,Dance :)﻿
Paul Garza,2015-05-24T17:13:37.700000,Check out this video on YouTube:﻿
ignacio diaz palma,2015-05-24T16:10:47.020000,5 years... ﻿
Amanda Ludwick,2015-05-24T15:54:08.016000,cool cool cool cool cool cool cool﻿
Eliana Guzman,2015-05-24T15:47:50.071000,Wow I love it ﻿
Kenster,2015-05-24T11:54:19.170000,Who knows the name of that girl?.. and that one.. and that one...﻿
Baptiste Blomme,2015-05-24T11:35:58.714000,Why did they stop their career in music? This music rocks !﻿
Franklin Music,2015-05-24T02:53:52.667000,Very Nice !﻿
Salvador Sanchez,2015-05-24T02:28:34.605000,Why sooooo many downs?﻿
crazy girl,2015-05-23T23:26:05.305000,tension⤴︎⤴︎﻿
Sana Kashif,2015-05-23T20:55:07.056000,Nice﻿
Yuliana Andrea  Caucali Acosta,2015-05-23T18:59:07.686000,2015<br />I like video﻿
luisel Tutoriales Gameplays (luisel Tutoriales),2015-05-23T18:56:07.484000,music yeah﻿
_ OMGiTzLeo _,2015-05-23T18:15:32.442000,Like this in 2015! :D﻿
Lizz Seamore,2015-05-23T16:34:57.143000,This was such an epic track. And the video is awesome!﻿
irving echeverria,2015-05-23T16:16:34.285000,LIKKEE﻿
joann belin,2015-05-23T16:13:56.684000,give it a like﻿
Powpie Cheers,2015-05-23T13:58:07.199000,Lets party﻿
Terry Short,2015-05-23T11:46:55.624000,"Support the fight for your 4th amendment right to privacy in your home and business. Stop the NSA spying on Americans with the un Patriot Act Renewal. Rand Paul has spent 10.5 hours on the Senate floor in a Protest and Filibuster fighting for our  Constitution that this Nation is founded on. Join the fight at Rand Paul dot com. Spread The Word. We Have Someone That Cares About Our Nation.  Email your Senators, Congress men and women, tell them to support Rand. Tell the news to support Rand too. Senator Rand Paul was up until <a href=""http://www.youtube.com/watch?v=KQ6zr6kCPj8&amp;t=1m00s"">1:00</a> am this morning fighting for our Constitution.﻿"
pratik patel,2015-05-23T05:28:49.504000,"mindblowing dance.,.,.superbbb song﻿"
Tiona Mayo,2015-05-23T04:03:15.720000,Anyone else think this video theme is a bit of an insult to 28 days later? ﻿
Jd Hurst,2015-05-23T01:50:08.642000,Check out this video on YouTube:﻿
Thejaynetts,2015-05-23T00:53:59.385000,Never get old ﻿
Châu Nguyễn (Michelle),2015-05-23T00:00:28.937000,I remember when this used to be so popular all around at the time.<br />I still love it.﻿
Roham 11,2015-05-22T20:42:29.523000,Strong messages in every  song I&#39;ve  heard.﻿
vipman yea,2015-05-22T19:29:46.566000,4 fucking years are fucking past so fucking fast fuck.....﻿
sok piseth,2015-05-22T17:51:58.941000,I know it old song but (like) if you watching in 2015﻿
troll face,2015-05-22T16:27:17.041000,i&#39;m watching this on summer 2015﻿
Carlos Rueda,2015-05-22T15:04:20.310000,I am going to blow my mind﻿
FunCircUS,2015-05-22T14:43:16.180000,And i´m Shufflin still today :D﻿
Waleed Khan,2015-05-22T13:54:59.712000,This is my favorite song ever love this Party Rock It Everybody!!!!﻿
Tuấn Anh Nguyễn Tiến,2015-05-22T12:31:53.438000,1000000000 views.﻿
JR6GAMING,2015-05-22T02:08:09.304000,lets get it to 1 BILLION﻿
Mayen Dabuol,2015-05-22T01:59:18.387000,Love this soooooooooooooooooooooooooooooooooooooooooooooooooo much﻿
Carol Galvan,2015-05-22T01:37:18.791000,I love this song so much﻿
Connor Mire,2015-05-21T20:47:08.673000,I&#39;m A SUBSCRIBER﻿
Connor Mire,2015-05-21T20:46:54.704000,This Song is AWESOME!!!!﻿
Lolumad66,2015-05-21T19:41:48.565000,Best song ever made i swear :D i still hear even doe it old!! who else?﻿
Nancy “Aya” Lo,2015-05-21T19:16:44.104000,I came here because of Vanoss.﻿
Tala sweet,2015-05-21T14:15:23.860000,Best song for ever💜💜😢<br />﻿
Miix_MC,2015-05-21T14:01:01.480000,epic﻿
   Berty  Winata,2015-05-21T11:41:30.117000,"I like so much this music,  good ﻿"
Shirley Donoso,2015-05-21T11:34:17.696000,Beautiful song﻿
Aryan Khemka,2015-05-21T05:31:14.644000,Why do I feel like as if Gangnam style copied their song from this?!﻿
LemonSpy_,2015-05-21T03:30:25.794000,"Damn, this was everywhere﻿"
Ice cream hero For AWSOMENESS!,2015-05-21T01:28:02.562000,Party time!﻿
Steven Sachel,2015-05-21T01:24:34.058000,never gets old﻿
Nick Hardison,2015-05-20T21:46:43.674000,this song is fu cking awesom!!!!!!!﻿
Angela Alor,2015-05-20T19:53:57.924000,HOW DO YOU PUT A PICTURE FOR YOUR IMAGE THINGIE?!?!﻿
DrPunkable,2015-05-20T17:39:26.476000,"okay, this should cover me for some time... Thumbs up if you&#39;re watching while youtube still exists.﻿"
shreyes taral,2015-05-20T16:57:09.940000,"This song is just insane.<br />Do you dance listening to this song?( i do, lol)﻿"
Smile day,2015-05-20T16:17:41.577000,:)﻿
Eduardo Salgado Uresti,2015-05-20T13:16:34.752000,Thumbs up if shrek is gay 👍﻿
Marshmallow Kingdom,2015-05-20T12:40:57.549000,THUMBS UP FOR ROBO GUY BABY﻿
Marshmallow Kingdom,2015-05-20T12:39:21.201000,SERIOUSLY HOW DID THEY COME UP WITH THAT BEAT IT IS INSANELY GOOD HOLY FUCK﻿
Marshmallow Kingdom,2015-05-20T12:38:04.230000,BEST PARTY SONG LITERALLY PARTY ROCK IS IN THE HOUSEE TONIGHT!!!!﻿
Mary McCoy,2015-05-20T12:10:42.138000,Memories﻿
Ticci TøbyyX3,2015-05-20T10:15:33.415000,I lovee it ♥﻿
Niecee Sumling,2015-05-20T07:52:09.296000,More views than nikki minaj Anaconda﻿
Dicky Tricahyadi,2015-05-20T05:49:45.161000,LMFAO IS THE BEST﻿
Daniel Cruz,2015-05-20T04:15:49.589000,Who else saw jesses dancing sorry if I spelled it wrong  peace✌﻿
Jasmin Lopez,2015-05-20T03:52:41.589000,I like how the robot shuffles he shuffles good﻿
Blaze Blaziken,2015-05-20T03:50:29.098000,you cant stop the shuffle﻿
Maria Lopez,2015-05-20T02:07:55.736000,Dang Dat little kid gat moves﻿
uncleltr,2015-05-20T01:50:18.209000,I miss this song. 😢﻿
creeperx 945,2015-05-20T00:31:13.204000,Loves it﻿
Bella Cullen,2015-05-19T23:21:48.011000,Check out this video on YouTube:<br />Gotta dance and just have a blast every time I hear this song !!!! Just ❥love❥ it!<br />﻿
Insomniac,2015-05-19T23:17:19.120000,Man this song really does get in your bones - one minute I&#39;m nearly dosing off to sleep - the next I&#39;m shuffling like crazy with hot feet XD﻿
Deyanira  Urena,2015-05-19T23:09:27.619000,That shake and that golden and black robot were really partying ﻿
emrah England,2015-05-19T22:10:02.515000,Take a look at this video on YouTube:﻿
Fire Ghost73,2015-05-19T22:01:54.036000,cooooooooooooolllllllllll﻿
Khadra Abdirahman,2015-05-19T17:13:17.961000,Wow;)﻿
edge mango,2015-05-19T12:40:24.071000,"OH SHIT THIS WAS UPLOADED ON MY BIRTHDAY, finally my birthday isnt a curse, because on this day maylaysia airlines went missing, so i thought my birthday was a curse xD﻿"
Pepe The Meme King,2015-05-19T03:50:16.935000,everyday I&#39;m shufflin﻿
Pepe The Meme King,2015-05-19T03:49:29.427000,everyday I&#39;m shufflin﻿
Damn Son,2015-05-19T03:49:19.732000,Thumbs up if FE-FE-FE-FE-FEGELEIN brought u here﻿
Teo Wei Jun,2015-05-19T02:04:52.377000,Every day I&#39;m Shuffling !﻿
Heavyassmetalman,2015-05-19T01:37:24.873000,cool song ever good thing its here﻿
EraserMan2,2015-05-19T00:46:08.243000,why does the world not shuffle???﻿
jen ven,2015-05-18T18:14:56.234000,"Love these guys, love the song!﻿"
Alexis Dean,2015-05-18T15:00:30.430000,Its funny because I listen to rock and death metal. But i like this.﻿
Georgina Riba,2015-05-18T14:57:49.390000,"Shuffling all the way with LMFAO! I like this one, wish I could shuffle like these crazy dudes﻿"
CHINMAY JANGID,2015-05-18T14:50:38.070000,5th most viewed video.. i guess﻿
JuanjoOMG,2015-05-18T13:48:51.649000,my favorite song﻿
sheerwill,2015-05-18T13:01:00.402000,I like this song<br />﻿
Ali Altınışık,2015-05-18T10:56:12.254000,Wow dance show﻿
vieshva .d.exodous,2015-05-18T08:38:34.236000,Awesome﻿
Mason Pearce,2015-05-18T07:12:10.556000,like if ur watchin in 90000000000000000000000000000000000000000000000000000000000000000000000000000000000000000000000000000000000000000000000000000000000000000000000000000000000000000000000000000000000000000000000000000000000000000000000000000000000000000000000000000000000000000000000000000000000000000000000000000000000000000000000000000000000000000000000000000000000000000                                                                                              1﻿
Cameron Raji,2015-05-18T04:20:48.086000,Good times. ﻿
Fred Courroie,2015-05-18T02:58:22.855000,Laughing My Fucking Ass Off!!!﻿
Blaze Rod,2015-05-17T23:01:41.901000,"when i see this back in 2015 i ask myself how people got to like this song. seems like Gangnam style copied this style though, might just be me but yea﻿"
connie cooper,2015-05-17T21:07:42.387000,wait I SAW A KID NOT KIDDING﻿
Donna Loyd,2015-05-17T19:58:38.281000,Party rock due and duel﻿
Chihiro Cross,2015-05-17T19:55:19.876000,fucking love it omg :v﻿
javiera fracisca labrin,2015-05-17T19:43:43.872000,this very good so I dance with some companions front of the whole school﻿
Vathanarajah Kunarajah,2015-05-17T19:36:36.955000,Check out this video on YouTube:﻿
chicharito fan,2015-05-17T19:35:44.075000,I could finally do the spongebob but I started yesterday XD﻿
Lorenzo Raggiante,2015-05-17T17:14:17.168000,Thumbs up if you&#39;re watching in 2015﻿
Naomi Rayner,2015-05-17T16:33:08.950000,I love it﻿
Julien Paradise,2015-05-17T16:18:24.098000,"LMFAO - Party Rock Anthem ft. Lauren Bennett, GoonRock.﻿"
Emiliano Maldonado,2015-05-17T15:38:50.015000,I hate it when Laura Bennett comes in﻿
"TelePricol - FUNNY VIDEOS,ЛУЧШИЕ ПРИКОЛЫ",2015-05-17T14:02:31.882000,SUBSCRIBE TO MY CHANNEL﻿
Sandra Barrett,2015-05-17T13:02:04.359000,Party in da 🏠 tonight 👐👐👐👐👐👐﻿
Callum Hudson,2015-05-17T12:44:46.679000,Best for partying ﻿
The Relaxation Den,2015-05-17T12:13:49.502000,omg﻿
dan19752008,2015-05-17T11:50:46.223000,What&#39;s with the guys jacket? 1 sleeve and a sleeveless arm﻿
OfficialBladeDoesGaming,2015-05-17T11:03:22.388000,Best song ever﻿
Nina Mackie,2015-05-17T09:07:30.578000,Take a look at this video on YouTub<br />You﻿
adish Newar,2015-05-17T08:21:37.091000,i like this steps...﻿
Lxflys yolo,2015-05-17T03:57:28.997000,Let get this video to one billion views﻿
Eli Zabeth,2015-05-17T01:14:28.368000,In my head this is like 2 years ago.. Time FLIES﻿
NoName,2015-05-17T01:07:13.243000,"870,000,000 views...566,000 comments...oh my lanta﻿"
ʄɛɛŋıɛ ცɛɛŋıɛ,2015-05-17T00:45:35.581000,Its 2015 and still shuffling to this song🎶🎵🎧﻿
vinh nguyen,2015-05-16T23:25:15.189000,Check out this video on YouTube:﻿
Charlotte “Cais” Blackstone,2015-05-16T20:54:22.455000,Who df is Lauren Bennett..﻿
はれたらいいね,2015-05-16T20:51:51.477000,"So,cool！！﻿"
Matias Álvarez calderon,2015-05-16T19:10:09.761000,awesome﻿
Klaudija Horan,2015-05-16T18:39:56.140000,"This is so cool,why haven&#39;t I heard this before?﻿"
ZRSFirelordGaming,2015-05-16T18:17:34.524000,XD I WAS GOING CRAZY FUCKIN CRAZY WATCHIN THIS BRAH﻿
Daisy Nieto,2015-05-16T18:16:00.954000,I shuffled while listening to this song. THE ILLNESS IS SPREADING!!﻿
Alex Ramsey,2015-05-16T17:29:57.194000,Way was their a guy warring a robot head.﻿
Elidet Rivera,2015-05-16T17:08:18.605000,like the songs﻿
Xerota,2015-05-16T13:30:23.531000,"Almost 1 billion views, nice.﻿"
brick paterson,2015-05-16T13:24:12.909000,sorry to all my haters<br /><br /><br /><br /><br /><br /><br /><br /><br /><br /><br /><br /><br />for party rock en﻿
Pamela  Foster ,2015-05-16T11:42:37.704000,I like it<br />﻿
Ashish Sachdeva,2015-05-16T02:11:43.099000,Gooooood﻿
ROBLOX Gaming,2015-05-16T01:54:31.334000,:3﻿
Oscar Yovera Palacios,2015-05-16T01:24:57.701000,likeeeeeeeee﻿
Liam Mcewan,2015-05-16T00:46:38.313000,shuffle!!!!!!!!!!!!!!!!!!!!!!!!!!!!!!!!!!!!!!!!!!!!!!!!!!!!!!!!!!!!!!!!!!!!!!!!!!!!!!!!!!!!!!!!!!!!!!!!!!!!!!!!!!!!!!!!!!!!!!!!!!!!!!!!!!!!!!!!!!!!!!!!!!!!!!!!!!!!!!!!!!!!!!!!!!!!!!!!!!!!!!!!!!!!!!!﻿
Shaina Rodriguez,2015-05-16T00:20:41.387000,lol so funny love it﻿
‫ארז אריה‬‎,2015-05-15T19:46:53.719000,good party﻿
Synchronized™ Nightcore,2015-05-15T14:58:48.131000,Do not like this comment if you are not watching in 2004﻿
Nguyen Thanh Son,2015-05-15T12:57:45.957000,Check out this video on YouTube:﻿
16ladydanger,2015-05-14T17:59:04.547000,Check out this playlist on YouTube:﻿
reesekupp24,2015-05-14T14:10:58.987000,Check out this video on YouTube:﻿
Bradley beswick,2015-05-14T13:12:39.729000,share your thoughts﻿
Almohtarif Info | المحترف انفو‎,2015-05-13T17:15:41.261000,subscribe me plzzzzzzz plzzzzzzzzzzzzzzzzzzzzzzzzzzzzzzz﻿
Aquan Hall,2015-05-12T17:25:33.187000,"YouTube collaborator&#39;s anyone? subscribe to me, I&#39;ll subscribe back. I also will start uploading more YouTube videos.  <a rel=""nofollow"" class=""ot-hashtag"" href=""https://plus.google.com/s/%23LMFAO"">#LMFAO</a>﻿"
Joe Ybarra,2015-05-12T06:07:23.379000,Guys lmfaois going to have a reunion on June/27/15 at expo Idaho gardens there going 2 performe live and there&#39;s going 2 be a press conference after to answer questions about were there been its all live on my channel I got publishing rights subscribe to my channel to watch the whole thing if u don&#39;t believe me look it up hope to see all u true fans there and yes it&#39;s free ﻿
FreddyLegends Songs,2015-05-11T20:43:01.326000,IIIIIIIIIII LOVE THIS SHAKE IT SONG OH SORRY EVERY SHAKE IT SONG I LIKE WATCH SUBSCRIBE AND NEVER UNLIKE BROOOOO!!!!!!!!!!! SHAKE IT UP﻿
Ashton Larsen,2015-05-11T03:48:24.272000,Check out this playlist on YouTube:m﻿
Christy Bautista,2015-05-09T22:59:57.737000,Check out this video on YouTube:<br /><br /><br /><br />﻿
dan reyes,2015-05-09T13:49:23.857000,Check out this video on YouTube:﻿
zonZi,2015-05-09T13:09:17.453000,Who&#39;s watching in 2015 Subscribe for me !﻿
SHANE MINECRAFT,2015-05-09T01:25:16.018000,Come subscribe﻿
Patrik Gybka,2015-05-05T09:32:04.687000,SUBSCRIBE MY CHANNEL PLEASE LOL PRO PLAYS)﻿
jenrry garcia,2015-05-04T17:13:41.103000,Check out this video on YouTube:﻿
Renee Colley,2015-05-04T07:22:53.416000,Check out this video on YouTube:﻿
Ori Yonay (EatDaPoison),2015-05-04T02:32:37.593000,I just wanna see how many people like this comment. I&#39;ll give it a month or so :)﻿
Malvin Baez,2015-05-03T01:39:03.193000,PLEASE DON&#39;T LIKE THIS COMMENT IF YOU ARE WATCHING IN 2015!!!!!!!!!!!﻿
mariela guzman,2015-05-02T03:56:24.560000,Check out this video on YouTube:﻿
Sinaloence LiveUniverseI,2015-04-29T03:58:06.452000,I like This Comment and do not kill :P﻿
July Baby,2015-04-28T10:24:07.401000,Check out this video on YouTube:﻿
NerdyQueen〈3,2015-04-28T01:07:30.541000,Check out this playlist on YouTube:﻿
Nana Diaz,2015-04-26T20:44:52.830000,Check out this video on YouTube:﻿
Josh Snow,2015-04-25T00:37:34.423000,Check out this video on YouTube:﻿
Andrea Incollingo,2015-04-21T14:52:10.879000,Check out this video on YouTube:﻿
Sadie Pratt,2015-04-19T20:48:32.564000,Check out this video on YouTube:fb i﻿
HAGER KOTRY,2015-04-19T08:21:52.071000,ALL SCHOOL DROP OUTS I KNEW AS FRIENDS BEFORE THEY DECIDED TO DROP SCHOOL THINK THERE IS NO NEED FOR AN ID CARD OR A CERTIFICATION TO PROVE YOU ARE AN EDUCATED CLEAN IN CRIMINAL RECORD TALENTED PERSON TO WORK IN ANY ENTERTAINMENT FIELD WORLDWIDE. THEY THINK THEY COULD BE RICH ENTERTAINERS BY CONSOLIDATING WITH ACTORS / ACTRESSES AS WELL AS SINGERS FOR A SHARE OF PROFIT(S).﻿
jefflynnejp,2015-04-18T22:02:00.446000,Check out this video on YouTube: ﻿
devon smith,2015-04-18T16:15:24.463000,Check out this video on YouTube:﻿
Trong Tan Trung Tran,2015-04-18T14:27:02.046000,Check out this video on YouTube:﻿
‫הילה שוהם‬‎,2015-04-17T15:50:59.010000,Check out this playlist on YouTube:י<br /><br /><br /><br />⛺🏤⛺⛺﻿
Wendy Artiles,2015-04-16T00:20:37.792000,Check out this video on YouTube:﻿
Claudia Guerra,2015-04-15T15:37:01.799000,Check out this playlist on YouTube:<br /><br />﻿
Wayne Jackson,2015-04-15T11:00:09.313000,Check out this video on YouTube:﻿
Wayne Jackson,2015-04-15T10:59:35.339000,Check out this video on YouTube:﻿
Monica Parker,2015-04-14T01:39:41.391000,Check out this video on YouTube:﻿
Victor Gamer,2015-04-13T02:00:20.152000,View 851.247.920<br /><br /> Best youtube Video<br />If Subscribe to My Channel please!<br />Thank you! &lt;3<br /><br />Melhor Vídeo do youtube<br />Se Inscreva no Meu canal por favor!<br />Obrigado! &lt;3<br /><br />Mejor Video youtube<br />Si suscriba a mi canal por favor!<br />Gracias! &lt;3<br /><br />Meilleur vidéo youtube<br />Si vous abonner à Ma Chaîne se il vous plaît!<br />Merci! &lt;3﻿
Jahmir Roberts,2015-04-12T17:00:09.472000,We can have a party next share﻿
THE AMAZING MOVIE MAKING NAD GAMING TOM BURKE,2015-04-11T20:32:48.515000,Lol check out my chanell and subscribe please i want 5000 subs thats it im nearly their now﻿
Kiarna Burke,2015-04-11T08:36:04.370000,Check out this video on YouTube:﻿
Kiarna Burke,2015-04-11T08:36:04.034000,Check out this video on YouTube:﻿
AryaDewa Gaming,2015-04-10T17:33:31.099000,SUBSCRIBE me. if you do that leave your name so i can subs back ﻿
Tammy Floyd,2015-04-09T06:07:26.158000,Check out this video on YouTube:﻿
Ognjen Videos,2015-04-08T21:11:31.085000,Please subscribe to my channel!Thanks!﻿
Hazetrix (EHazardStudio),2015-04-08T00:09:33.033000,hey guys im 17 years old remixer and producer and i want you guys to help me checking my videos i am sure you will love those music if you love them then subscribe so you will know more about me:)﻿
Metroshuffle,2015-04-06T10:15:16.804000,"Check out Melbourne shuffle, everybody!﻿"
Reynad Gamer,2015-04-04T06:11:32.255000,Subscribe My Channel﻿
Captain Liverpool,2015-03-31T13:56:40.139000,please suscribe i am bored of 5 subscribers try to get it to 20!﻿
Dloga2,2015-03-31T03:01:14.438000,Subscribe if you are watching in 2015﻿
Law Halkett,2015-03-29T07:12:48.792000,Check out this video on YouTube:      <br />﻿
VidéoRiveaux,2015-03-28T14:03:55.093000,Hey ! Subscribe  to me for the peace in the world ! ♥﻿
Maria Maldonado,2015-03-26T19:09:38.242000,Check out this playlist on YouTube:a﻿
Candyman 1000,2015-03-23T23:38:12.539000,Check out this video on YouTube:﻿
lacy mclean,2015-03-23T01:01:36.343000,Check out this playlist on YouTube:﻿
CHM Guitar™,2015-03-22T15:10:43.815000,Like this comment for no reason﻿
Pj Jessie,2015-03-22T01:04:09.486000,Omg can this be the first video on YouTube to hit 1 billion views like this comment of you agree.﻿
Maximus Decimus Meridius,2015-03-21T19:57:26.765000, <br />Please help me get 100 subscribers by the end of the night. Thx﻿
조윤기,2015-03-21T18:25:05.665000,like this comment if you&#39;re watching this video when big bang happened<br />i do﻿
Champagne Pedro,2015-03-21T14:18:39.798000,Check out this playlist on YouTube:<br /><br />﻿
Carren Mangali,2015-03-21T07:01:04.171000,Check out this playlist on YouTube:🍴🍴🏄🏄🏄🍴🏄🏄🏄🏄🏊🏊🏊🏊🍴🍴🍴🍴🍴🏂🏂🏂🏂🏂🏆🍸🍸🍸🍸🏆🍻🍗🍵🍟🍟🍟🍟🍴🍕🍕🍕🍕🍕🍕🍕🍕🍕🍕🍕🍕☕️🎣🎣☕️🍕🍕🎣🎣🎣🎣🎣🎣🎣🎣🎣🎣☕️🎣🍕🍔🍔🎣🎣☕️🎣🍹🍹🏂🏂🍹🎿🏆﻿
Kingphillip9,2015-03-20T22:24:23.394000,░░░░░░░/\░░░░░▄▐<br />░░░░░░/     \░░░▄██▄<br />░░░░░/  (o)   \░░░░░▀█▄<br />░░░░/             \░░░░░░▀█▄<br />░░░/__   \   ░▄▄▄▄▄▀▀<br />░░░░▄▄▄██▀▀▀▀<br />░░░█▀▄▄▄█░▀▀       YOU HAVE BEEN SPOOKED BY THE SPOOKINATI<br />░░░▌░▄▄▄▐▌▀▀▀<br />▄░▐░░░▄▄░█░▀▀    SHARE THIS TO 666 PEOPLE TO BE UNSPOOKED <br />▀█▌░░░▄░▀█▀░▀ <br />░░░░░░░▄▄▐▌▄▄<br />░░░░░░░▀███▀█░▄<br />░░░░░░▐▌▀▄▀▄▀▐▄<br />░░░░░░▐▀░░░░░░▐▌<br />░░░░░░█░░░░░░░░█<br />░░░░░▐▌░░░░░░░░░█<br />░░░░░█░░░░░░░░░░▐▌﻿
Courtney Foama,2015-03-20T21:33:44.707000,like this comment if your watching in 2015 or 2016﻿
Emily Horposniac,2015-03-19T10:33:00.987000,Help me get 10000000 subscribers by tomorrow!<br /><br /><br /><br /><br /><br /><br /><br /><br /><br /><br />(Joking don&#39;t get butt hurt)  ﻿
Dylan McGuire,2015-03-19T00:45:07.797000,Check out this video on YouTube:﻿
Alfred zipagan,2015-03-16T01:01:51.652000,like this comment if ur watching this on 2015 ﻿
Hamza Hamza,2015-03-15T14:03:27.801000,Check out this video on YouTube:﻿
Villads Hallundbæk,2015-03-14T16:16:22.607000,like this comment please﻿
Pedro Lombillo,2015-03-13T00:27:41.285000,Check out this playlist on YouTube:﻿
Serbian Boy,2015-03-11T18:36:40.423000,LIKE AND SUBSCRIBE﻿
GrayGRW,2015-03-11T05:26:51.968000,Like this comment if you are watching on a phone﻿
TA Stealth,2015-03-11T01:25:46.234000,"Cool Video LMFAOVEVO! You should check out my shuffling videos on my channel when you get the chance. It&#39;s much appreciated. Cheers! <a rel=""nofollow"" class=""ot-hashtag"" href=""https://plus.google.com/s/%23EveryDayImVaping"">#EveryDayImVaping</a> ;-)﻿"
Peter Sadek,2015-03-09T18:44:22.184000,Check out this playlist on YouTube:﻿
latisha garcia,2015-03-09T00:33:08.463000,Check out this playlist on YouTube: I tried﻿
JS Scott,2015-03-08T21:27:05.377000,"subscribe to <span class=""proflinkWrapper""><span class=""proflinkPrefix"">+</span><a class=""proflink"" href=""https://plus.google.com/104999962146104962510"" oid=""104999962146104962510"">SuperMarioLogan</a></span>  if you thot the robot dudes r epic and awsome﻿"
JS Scott,2015-03-08T21:22:08.901000,"if watching in 2015 subscribe to <span class=""proflinkWrapper""><span class=""proflinkPrefix"">+</span><a class=""proflink"" href=""https://plus.google.com/104999962146104962510"" oid=""104999962146104962510"">SuperMarioLogan</a></span> ﻿"
Marcus Wilkes,2015-03-05T10:52:51.062000,Check out this playlist on YouTube:﻿
JuniorVlogz,2015-03-03T21:02:26.389000,Like this comment if you still jam out to this song after 4 years ﻿
Олег Хижняк,2015-03-03T20:32:54.736000,subscribe﻿
Amber Wentworth,2015-03-01T16:53:54.318000,Check out this video on YouTube:﻿
Jephone Cañas,2015-03-01T11:29:19.167000,this video has 800+m views<br />and the channel got 3m subscribers﻿
Aye Thiri Paing,2015-03-01T05:13:01.606000,Check out this video on YouTube:﻿
santi1525 deadzone,2015-03-01T01:10:37.298000,subscribe to my chanell﻿
santi1525 deadzone,2015-03-01T01:10:10.980000,los invito a subscribirse a mi canal ﻿
Johanna Sarmiento,2015-02-28T22:00:56.179000,Check out this video on YouTube:﻿
allen webb,2015-02-28T21:01:42.150000,Check out this playlist on YouTube:﻿
Kawiana Lewis,2015-02-27T02:20:40.987000,Check out this video on YouTube:opponents mm <br /><br /><br /><br />--•[••••=====++¥¥£££<br />﻿
Jarelys Mellado,2015-02-23T00:37:24.817000,Check out this video on YouTube:<br /><br />﻿
Sid,2015-02-21T06:19:03.549000,"At 500 subscribers i&#39;m sky diving help me reach my goal &lt;3<br />Trust me, i&#39;m a doctor.  :)﻿"
Hamad Alhashash,2015-02-21T06:12:04.347000,Check out this video on YouTube:﻿
Pablo Cantellano,2015-02-20T16:23:25.378000,Check out this video on YouTube:﻿
Lotoya Bolan,2015-02-20T01:54:39.930000,Check out this video on YouTube:﻿
Lotoya Bolan,2015-02-20T01:53:33.412000,Check out this playlist on YouTube:﻿
Fernando Luis Vega martinez,2015-02-20T01:30:11.826000,Check out this playlist on YouTube:﻿
alanluna3,2015-02-18T17:45:43.182000,Check out this video on YouTube:﻿
‫جوجو جوجو‬‎,2015-02-17T04:25:01.940000,"<a href=""https://m.freemyapps.com/share/url/505b0232"">https://m.freemyapps.com/share/url/505b0232</a>﻿"
michael orton,2015-02-16T16:21:37.901000,Check out this video on YouTube:﻿
Vitaly Denisovs,2015-02-15T21:19:55.060000,"Need money ? check my channel and subscribe,soon will post how to get it )﻿"
PatrickMcCrowell,2015-02-12T02:30:08.801000,Check out this playlist on YouTube:﻿
Happy Panda,2015-02-12T01:14:44.306000,Like this comment for no reason.﻿
TheLjc808,2015-02-10T19:48:56.558000,"Youtube comments in a nut shell:<br /><br />.First<br />.301 club<br />.Skip to <a href=""http://www.youtube.com/watch?v=KQ6zr6kCPj8&amp;t=3m57s"">3:57</a> and close your eyes<br />.Advertisements<br />.like this comment for no reason<br />.Christianity arguements<br />.Other religious arguements<br />.Console wars<br />.#PCMASTERACE<br />.Trolls<br />.&quot;How is there 1 million views on the this video if theres online 10 people on earth/<br />.Complaints<br />.Pewdiepie fangirls<br />.Minecraft scrubs<br />./r/MontageParodies<br /><br /><br />AND ANY OTHER SHIT!!﻿"
Adyel Rodriguez,2015-02-10T07:33:49.035000,Check out this playlist on YouTube:﻿
Victoria Morales,2015-02-08T05:34:28.216000,Check out this video on YouTube:﻿
George Smith,2015-02-05T01:47:19.970000,Please become my first subscriber.  Thank you.﻿
Filthy BarDown,2015-02-04T11:47:27.653000,Can i get views and subscribers for no reason? 😅﻿
Helperitza,2015-02-04T10:23:50.394000,Check out this video on YouTube:﻿
jose delacruz,2015-02-03T21:44:11.740000,Check out this video on YouTube:﻿
алексей алгаев,2015-02-01T15:51:59.518000,Hello from Russia comes to the channel subscribe﻿
KingLoTheDancer,2015-02-01T05:48:32.623000,"Check out my dance videos!! You won&#39;t be disappointed!! <a rel=""nofollow"" class=""ot-hashtag"" href=""https://plus.google.com/s/%23KingLoTheDancer"">#KingLoTheDancer</a>﻿"
Vivid Phantasm,2015-01-31T23:42:34.531000,Men stop being naive idiots believing in love and believing that women actually respect you.  Want a more fulfilling drama fee life? Check out MGTOW. There are many channels here on YouTube that you can chose from which will give you all the information needed. (Caution: Not for men who enjoy being disposable providers of utility)﻿
XxNorwegianELITEGaming xX,2015-01-31T20:56:05.396000,pleas subscribe on me for ps4 games video <br /><i>______________________________</i><br />if you have som tips so contact me on kik or skype<br /><i>______________________________</i><br />Kik: pander26<br />Skype: sander.nicolaysen2<br /><i>______________________</i><br />pleas subscribe on me and Kashoo Gaming﻿
Sandy Torres,2015-01-30T16:48:13.985000,Check out this playlist on YouTube:﻿
ann anne,2015-01-28T16:29:16.993000,Check out this video on YouTube:﻿
ampai gmuer,2015-01-27T13:23:56.061000,Check out this playlist on YouTube:👿👳👳👳👳👳﻿
sahir omran,2015-01-27T09:43:48.741000,Check out this video on YouTube:الإعلانات<br /><br /><br /><br /><br /><br />لل﻿
Mizz swagger,2015-01-27T01:53:24.950000,🚨🚨🚨🚨🚨🚨🚨🚨🚨🚨🚨🚨🚨🚨🚨🚨<br />NOW THAT I HAVE YOUR ATTENTION!!! 🚨🚨🚨🚨🚨🚨🚨🚨🚨🚨🚨🚨🚨🚨🚨🚨SUBSCRIBE TO MY CHANNEL!!!<br />🚨🚨🚨🚨🚨🚨🚨🚨🚨🚨🚨🚨🚨🚨🚨🚨<br />GRACIAS!💋<br />🚨🚨🚨🚨🚨🚨🚨🚨🚨🚨🚨﻿
Eric Carbajal,2015-01-26T18:27:00.309000,Check out this video on YouTube:﻿
Rafael Diaz Jr,2015-01-25T20:57:46.039000,Check out this video on YouTube:﻿
Rafael Diaz Jr,2015-01-25T20:56:06.533000,Check out this video on YouTube:﻿
James Wolf,2015-01-23T21:44:55.558000,Check out this video on YouTube:﻿
Ioan Meruta,2015-01-22T23:31:42.316000,"<a href=""https://m.freemyapps.com/share/url/10b35481"">https://m.freemyapps.com/share/url/10b35481</a>﻿"
Ruben Aviles,2015-01-22T02:08:41.056000,Check out this video on YouTube:﻿
monique graham,2015-01-20T19:21:30.191000,Check out this playlist on YouTube:a﻿
sarah-ann erasmus,2015-01-20T15:02:17.552000,Check out this video on YouTube:﻿
Priscilla Sipinga,2015-01-19T05:53:12.118000,Check out this playlist on YouTube:hbbhhhgh﻿
Lindsay Reynolds,2015-01-19T00:40:40.097000,Check out this playlist on YouTube:﻿
SuperPanic3,2015-01-17T20:26:39.026000,LIKE AND SUBSCRIB IF YOU WATCH IN 2015 ;)﻿
chuvi cc1800,2015-01-15T23:43:37.589000,Check out this video on YouTube:﻿
Marie Joof,2015-01-13T17:35:36.999000,Check out this video on YouTube:hjalp﻿
‫غاردينا خالد‬‎,2015-01-12T06:06:06.398000,Check out this video on YouTube:﻿
Heath D,2015-01-11T03:51:21.565000,Check out this video on YouTube:﻿
‫مريم الهندي‬‎,2015-01-10T22:00:57.333000,Check out this video on YouTube:﻿
‫مريم الهندي‬‎,2015-01-10T22:00:55.762000,Check out this video on YouTube:﻿
Sophie Flores,2015-01-10T18:17:21.145000,Check out this video on YouTube:﻿
rbsully,2015-01-09T03:44:56.996000,Check out this video on YouTube:﻿
jessie J,2015-01-08T16:16:52.163000,Check out this video on YouTube:Qq﻿
Anne Marie Chavez,2015-01-06T05:53:18.140000,Check out this video on YouTube:﻿
BMB Beats,2015-01-05T21:33:38.426000,"<a href=""http://www.gofundme.com/Helpmypitbull"">http://www.gofundme.com/Helpmypitbull</a> Can you please donate to help my pitbull PLEASE!!! I just need 50 dollars to take it to the vet!!!﻿"
stupittmoran,2015-01-04T15:42:24.811000,Check out this video on YouTube:﻿
Gu Sw,2015-01-03T19:28:51.794000,Check out this video on YouTube:﻿
On the Positive,2015-01-01T21:16:37.765000,Dear friends please subscribe to my channel I will be very glad to see You virucide ;-)﻿
Darleen Tran,2015-01-01T04:41:31.104000,Check out this video on YouTube:﻿
Anna Louise Puzon,2014-12-26T12:21:05.108000,Check out this video on YouTube:﻿
Simply Terrell,2014-12-26T11:17:56.976000,Subscribe to my channel <br />Tweet &amp; Follow me on twitter //therealterrell_ <br />And I will follow you back 👀﻿
Desert Loner,2014-12-25T19:52:25.333000,want a sub? tell me about your channel and i will subscribe (with a couple exceptions)﻿
Beatriz A York,2014-12-25T19:20:32.982000,Check out this playlist on YouTube:﻿
Cora Whatley,2014-12-23T01:50:41.928000,Subscribe I&#39;ll subscribe back﻿
Shanu Dias,2014-12-22T11:51:16.881000,Check out this playlist on YouTube:﻿
Will Smith,2014-12-22T04:56:24.257000,Check out this playlist on YouTube:pl﻿
Aaa Bbb,2014-12-21T06:07:48.379000,Check out this video on YouTube:﻿
orcou,2014-12-20T05:03:42.146000,Check out this video on YouTube:﻿
Ari Kip,2014-12-19T17:00:34.759000,Check out this video on YouTube:﻿
Kassidy Norris,2014-12-18T22:33:26.485000,Check out this video on YouTube:lo﻿
Janja Kmetič,2014-12-17T15:37:12.685000,Check out this video on YouTube﻿
AUSENCIO garrido,2014-12-17T02:33:31.397000,Check out this video on YouTube:﻿
Jesse Basurto,2014-12-12T08:50:18.674000,Check out this video on YouTube: I ﻿
Ben Smith,2014-12-10T16:53:09.604000,Check out this video on YouTube:﻿
Tyler Jackson,2014-12-10T16:28:43.637000,subscribe to my channel yo - DJ Feelz﻿
Edgar's Finest,2014-12-09T05:35:45.812000,Hey guys subscribe to my chanel and i will subscribe back and like all your vids :)<br /><br />﻿
LegacyStarz OS,2014-12-07T06:40:55.233000,Check out this video on YouTube:﻿
caitlyn keffer,2014-12-06T19:45:01.381000,Check out this video on YouTube:﻿
DERRICK HANFORD,2014-12-05T22:52:29.316000,White people are going extinct for more information subscribe to my channel or search for videos on &quot;white genocide&quot;  thank you﻿
omar tellez,2014-12-05T03:58:16.030000,Check out this video on YouTube:﻿
tchangkou,2014-12-04T01:31:02.296000,Check out this video on YouTube:﻿
Tan Jia Min,2014-11-29T05:53:19.584000,Check out this video on YouTube:..🌈🌈🌈﻿
GORHD/TV Studio,2014-11-25T16:15:50.566000,subscribers please`﻿
Jaymes Michie,2014-11-11T18:01:00.198000,Yo like what up this song is fricking beast anywon herd the see mee rollin or I woke up in a new Buggti check out nuketown rap I was shooting in it see my nice quick scoping things training for faze adoult freind sang I was at my freinds house doing it we just had the rap going and we were doing fun things ﻿
craftygirl20141,2014-11-10T19:46:03.336000,hi everyone this is cool check out sexy and i know it﻿
Sean B,2014-11-10T07:35:42.081000,"Check out our app to solve all your party/drunk problems! <br /><a href=""https://play.google.com/store/apps/details?id=vn.ibit.AppLocker&amp;hl=en"">https://play.google.com/store/apps/details?id=vn.ibit.AppLocker&amp;hl=en</a>﻿"
Malyka Mason,2014-11-09T13:59:14.102000,Check out this video on YouTube:it is a old track but it still bad﻿
Alex Despotovic,2014-11-08T05:52:20.157000,Check out my youtube channel for cool beatboxing (:﻿
2010shevy,2014-11-06T01:23:03.262000,Check out this video on YouTube:﻿
OFFICIAL LEXIS,2014-11-04T20:26:48.030000,Hi everyone! Do you like music? Then why not check out my music channel. The LEXIS band will be uploading their own songs and covers soon so don&#39;t miss out. Please SUBSCRIBE too as it does help us out a lot. Just takes one click. -&gt;﻿
Hunter Scott,2014-11-01T04:23:42.175000,SUBSCRIBE!!!!!!!!!!!!!!!!!!!!!!!!!!!!!!!!!!!!!!!!!!!!!!!!!!!!!!!!!!!!!!!!!!!!!!!!!!!!!!!!!!!!!!!!!!!!!!!!!!!!!!!!!!!!!!!!!!!!!!!!!!!!!!!!!!!!!!!!!!!!!!!!!!!!!!!!!!!!!!!!!!!!!!!!!!!!!!!!!!!!!!!!!!!!!!!!!!!!!!!!!!!!!!!!!!!!!!!!!!!!!!!!!!!!!!!!!!!!!!!!!!!!!!!!!!!!!!!!!!!!!!!!!!!!!!!!!!!!!!!!!!!!!!!!!!!!!!!!!!!!!!!!!!!!!!!!!!!!!!!!!!!!!!!!!!!!!!!!!!!!!!!!!!!!!!!!!!!!!!!!!!!!!!!!!!!!!!!!!!!!!!!!!!!!!!!!!!!!!!!!!!!!!!!!!!!!!!!!!!!!!!!!!!!!!!!!!!!!!!!!!!!!!!!!!!!!!!!!!!!!!!!!!!!!!!!!!!!!!!!!!!!!!!!!!!!!!!!!!!!!!!!!!!!!!!!!!!!!!!!!!!!!!!!!!!!!!!!!!!!!!!!!!!!!!!!!!!!!!!!!!!!!!!!!!!!!!!!!!!!!!!!!!!!!!!!!!!!!!!!!!!!!!!!!!!!!!!!!!!!!!!!!!!!!!!!!!!!!!!!!!!!!!!!!!!!!!!!!!!!!!!!!!!!!!!!!!!!!!!!!!!!!!!!!!!!!!!!﻿
Toan732,2014-10-31T02:49:34.017000,Ummm... I just hit 1k subscribers. I make Minecraft videos. Help me out by checking me out?﻿
Sami Nashawi,2014-10-29T15:28:53.402000,SUP GUS THIS IS A VIDEO FOR PEOPLE WHO LOVES PARTY ROCK SO THANKS FOR WATCHING AND PLEASE SUBSCRIBE:)!!﻿
Por Phizer,2014-10-16T20:10:15.922000,Hey Guys Jaylan Here And I Just Wanted Everybody To Know if Yall Can Subscribe Please That Would Be Great! This Is My New Gaming Channel (Have Not Uploaded Yet)But I Will Upload If I Hit About 10 Subs Thank You :D﻿
Sebastian Garcia,2014-10-16T00:50:14.327000,great l subscribe﻿
krayziejcs,2014-10-15T19:57:29.498000,Check out this video on YouTube:jjiwajwkajajqjaubkm﻿
Maria Martinez,2014-10-12T03:13:00.872000,Check out this video on YouTube:﻿
johnlord joaquino,2014-10-10T11:31:33.153000,3m subscribers but look at the views its 700 million wtf :P﻿
Rajnoor Bawa,2014-10-07T17:48:27.641000,Check out this video on YouTube:﻿
James Marrin,2014-10-05T01:41:04.984000,Check out my YouTube channel I can rap﻿
bebishyne alicdan,2014-10-04T13:16:55.971000,Check out this video on YouTube:﻿
Brittany Tennyson,2014-10-04T04:31:08.642000,Check out this video on YouTu﻿
((A.B)),2014-10-04T01:35:02.414000,"LMFAO is CRAZY DOPE!!! CHeck out my music on my channel if you have a minute, it would mean a lot. Much love!!﻿"
xiaoying chen,2014-10-02T15:00:43.724000,Check out this video on YouTube:﻿
Guren - MKII,2014-10-01T19:53:07.387000,everyday i&#39;m subscribe﻿
ＯＧＶＡＤＥＲ,2014-09-29T02:54:58.986000,man check out the raps on my channel im better rapper than these nigger fools﻿
Whami inc.,2014-09-27T17:41:15.536000,go check out our video﻿
ZeDesXiA AIliVe,2014-09-19T17:47:37.826000,😼👍😏 Like This Comment 😏👍😼﻿
Alenaid Zeledon,2014-09-18T19:21:53.622000,Check out this video on YouTube:﻿
All Or Nothing AMV,2014-09-16T11:02:58.430000,Subscribe﻿
Unknown Name (buddhist monkie),2014-09-13T11:35:51.066000,Check out this video on YouTube:<br />Looking for my wood pile...<br />Anyone seen it? Hmm?&#39;<br />How bout some pie now <br />Ladies?&#39;﻿
Hoye Boyz,2014-09-13T09:07:27.253000,"HAHAA THIS DANCE IS TIGHTTTT<br /><br />I know y&#39;all &quot;…ain&#39;t got time for MY demo man&quot;  but check out some of my stuff<br /><br />Slappers on slappers on bangers! Click that link below to peep game! ENJOY. <br /><br /><a href=""https://soundcloud.com/rocc-steady/wave-emoji-prod-by-nippylongbottom-cyber-punk"">https://soundcloud.com/rocc-steady/wave-emoji-prod-by-nippylongbottom-cyber-punk</a>﻿"
lil jay,2014-09-10T03:52:22.309000,Check out my music niggas﻿
mihir Sanjay,2014-09-04T15:24:31.780000,Check out this video on YouTube:﻿
budhanmike,2014-09-01T03:32:14.127000,Check out this funny video &quot;Cereal Box Knocks out Baby&quot; on my channel.﻿
Kikilaronk “Kiki” Loz,2014-08-31T16:39:30.472000,Subscribe to me if u think &quot;swag&quot; is fucking stupid﻿
Dávvvid ツ,2014-08-31T12:06:37.835000,Tuto to subscribe to my channel because you should sign up for 17 l please thank you I&#39;d do anything for you to sign up a lot of good video I usually do!﻿
Ragnarok,2014-08-19T19:53:09.770000,Abomination! Subscribe if you agree :| party here in my channel. cool lights.﻿
ViralVinesHD,2014-08-18T00:25:09.584000,"Like this comment, guys i just started up a new channel if i can get 200 subscribers by tonight ill do a $20 paypal giveaway like this comment so your friends can see it or others and they can also be entered GO !!!﻿"
Nossnevs SWEDEN,2014-08-12T15:44:16.615000,"Check out: My Hood Doh, by Flixter Nossnevs﻿"
ZeroxAbood677,2014-08-07T13:57:40.272000,Nezo and Ed<br />Like&amp;share this page on facebook please ﻿
RandomFuntime,2014-08-04T13:27:47.451000,"Hey I&#39;m a British youtuber!!<br />I upload Weekly!! <br />It would mean the world if you could subscribe!!<br />Thanks,Joyce!!<br />﻿"
footboxG,2014-08-03T22:28:17.610000,Subscribe to my channel !﻿
Henry Cousins,2014-07-27T18:24:57.907000,"hi guys please check out my vids , i will promos to subscribe to you to﻿"
Lisa UKGirl,2014-07-26T18:46:28.500000,Hey plz check out my music video. Thanks!! :-)﻿
Mah Productions,2014-07-26T17:07:51.274000,Check the shit out on my channel<br /><br /><br />SUBSCRIBE YOU WILL LIKE IT﻿
Renee Nelson,2014-07-23T22:23:47.235000,Good video﻿
t tatsuya,2014-07-23T13:19:09.247000,very good song:)﻿
Dávid Baranovič,2014-07-23T11:57:11.271000,every bady yust have a good time﻿
mariosergopao,2014-07-23T10:58:59.825000, are  there  people who like  this shit? hahahahah :P<br />this isn&#39;t even real music.......... it&#39;s computer-based music.....<br />well done music industry.....﻿
Devin Thornton,2014-07-23T08:37:48.377000,i love this song so much!!!!!!!!!!!!!!!!!!!!!!!!!!!!!!!!!!!!!!!!!!!!!!!!!!!!!!!!!!!!!!!!!!!!!!!!!!!!!!﻿
ItstheSauce92,2014-07-23T05:22:52.881000,No one makes me wanna party like LMFAO does... I just wanna rage every time one of these songs comes on. The only other band that does that is &quot;On the Rocks Inc.&quot; those kids know how to party﻿
Naga Berapi,2014-07-22T19:53:51.238000,The best song ever!﻿
Naga Berapi,2014-07-22T19:53:49.636000,The best song ever!﻿
ownpear902,2014-07-22T18:44:36.299000,"check it out free stuff for watching videos and filling surveys<br /><br /><a href=""http://www.prizerebel.com/index.php?r=1446084"">http://www.prizerebel.com/index.php?r=1446084</a>﻿"
kimberly dezan,2014-07-22T18:38:37.217000,Love your song makes me happy﻿
fulvio colace,2014-07-22T16:54:45.949000,OOOOO SHUFFLLLLLLLLLLLLLLLLLLLLLLINNNNN﻿
Salah DK,2014-07-22T13:45:20.355000,awesome﻿
Juan Martinez,2014-07-22T13:22:54.111000,I learned the shuffle because of them﻿
Robotic Band,2014-07-22T12:52:36.698000,The best Song i saw ❤️❤️❤️❤️❤️❤️❤️❤️😍😍😍😍😍😍😍😘😘😘😘😘😘😘😘﻿
aXXeHackeR,2014-07-22T11:41:57.927000,watch this with sound off!﻿
Ksenia Vladimirova,2014-07-22T11:06:07.798000,Looooooooove this song!!!!!!!!!:))))))﻿
ItsJoey Dash,2014-07-22T10:04:05.755000,EVERYONE PLEASE SUBSCRIBE TO MY CHANNEL OR CAN YOU ALL JUST GO LOOK AT MY VIDEOS ﻿
ItsJoey Dash,2014-07-22T10:04:00.700000,EVERYONE PLEASE SUBSCRIBE TO MY CHANNEL OR CAN YOU ALL JUST GO LOOK AT MY VIDEOS ﻿
ItsJoey Dash,2014-07-22T10:02:25.925000,EVERYONE PLEASE GO SUBSCRIBE TO MY CHANNEL OR JUST LOON AT MY VIDEOS﻿
Salty Croc,2014-07-22T04:20:37.489000,Like this comment for no reason﻿
Bob Orton,2014-07-22T00:26:50.820000,love this song﻿
LuckyMusiqLive,2014-07-21T22:25:54.048000,this song is awesome. these guys are the best. love this video too its hilarious lol. im getting popular fast because i rap with meaning. thumbs up if you piss next to the water in the toilet so it doesnt make noise﻿
xXxPWND 420xXx,2014-07-21T11:05:51.945000,HOW MANY THUMBS UP FOR LOUIS SAVING THE DAY!?!?﻿
Matheus Macedo,2014-07-21T04:24:24.585000,NICE :3﻿
Lisa Wellas,,+447935454150 lovely girl talk to me xxx﻿
jason graham,2015-05-29T02:26:10.652000,I always end up coming back to this song<br />﻿
Ajkal Khan,,"my sister just received over 6,500 new <a rel=""nofollow"" class=""ot-hashtag"" href=""https://plus.google.com/s/%23active"">#active</a> youtube views Right now. The only thing she used was pimpmyviews. com﻿"
Dakota Taylor,2015-05-29T02:13:07.810000,Cool﻿
Jihad Naser,,Hello I&#39;am from Palastine﻿
Darrion Johnson,2015-05-29T01:27:30.360000,Wow this video almost has a billion views! Didn&#39;t know it was so popular ﻿
kyeman13,,Go check out my rapping video called Four Wheels please ❤️﻿
Damax,2015-05-29T00:41:22.426000,Almost 1 billion﻿
Muhammad Asim Mansha,,Aslamu Lykum... From Pakistan﻿
JuanPa Rap,2015-05-28T23:23:41.231000,Eminem is idol for very people in España and Mexico or Latinoamerica﻿
Mjt12,,Help me get 50 subs please ﻿
emily 13,2015-05-28T23:10:37.700000,i love song :)﻿
TheJohnRage,,"Alright ladies, if you like this song, then check out John Rage.  He&#39;s a smoking hot rapper coming into the game.  He&#39;s not better than Eminem lyrically, but he&#39;s hotter. Hear some of his songs on my channel.﻿"
William Davis,2015-05-28T22:42:19.185000,The perfect example of abuse from husbands and the thing is I&#39;m a feminist so I definitely agree with this song and well...if I see this someone&#39;s going to die! Just sayin.﻿
Ashleigh_ Baise,2015-05-28T22:21:26.037000,The boyfriend was Charlie from the TV show LOST ﻿
Lauralyn Karoll,,"<a href=""https://www.facebook.com/groups/100877300245414/"">https://www.facebook.com/groups/100877300245414/</a>﻿"
Shirley Lim,,Take a look at this video on YouTube:﻿
TMCB production (Instrumental Beats),,Check out our Channel for nice Beats!!﻿
Sylith,2015-05-28T21:50:26.114000,Rihanna and Eminem together are unstoppable.﻿
nepaladventure,,Check out this playlist on YouTube:﻿
Pugnsuit,2015-05-28T21:32:08.714000,This song is about Rape and Cheating     <br /><br /><br /><br /><br /><br /><br /><br /><br /><br />Basically.....﻿
Inga Lomidze,,like please﻿
Izana,2015-05-28T20:46:16.348000,"I love this song, can&#39;t believe it was 5 years ago, it doesn&#39;t get old though﻿"
Daniel Klous,2015-05-28T20:24:21.778000,OMG that looks just like a piece of the mirror of harry potter and the deathly hallows.<br />Either that house. (sirius black)﻿
Martin Gébele MUSIC,,"I shared my first song &quot;I Want You&quot;, and I hope you&#39;ll like it. Take a listen!✌️😊 <a href=""https://youtu.be/-YfUY4gKr1c"">https://youtu.be/-YfUY4gKr1c</a>﻿"
Crudgy,,Come and check out my music!Im spamming on loads of videos but its just to try and get my music across to new people﻿
Joyce Jones,,Check out this playlist on YouTube:﻿
Hambro,,HUH HYUCK HYUCK IM SPECIAL WHO&#39;S WATCHING THIS IN 2015 IM FROM AUSTRALIA OR SOMETHING GIVE ME ATTENTION PLEASE IM JUST A RAPPER WITH A DREAM IM GONNA SHARE THIS ON GOOGLE PLUS BECAUSE IM SO COOL.﻿
LIL TEZ,2015-05-28T20:11:52.781000,"You exactly who u want to be,watching your favourite rappers on tv﻿"
Maryf,2015-05-28T19:27:42.212000,Rihanna is absolutely gorgeous in this video.﻿
There's No Saving Grace (FreakOffLeash),,Check out this video on YouTube:<br /><br />Love this song... It&#39;s all good will never go back that but I&#39;ll always remember the passion but never want to go back to being dysfunctional insanity....... Goal is to live happy not live insane. ﻿
Kishore sl,2015-05-28T18:41:47.260000,"Don&#39;t love someone soo much, love the way u lie..﻿"
Dragon Addict,2015-05-28T17:49:36.288000,one of the BEST SONGS in music history﻿
Belinda Mitchell,,Check out this playlist on YouTube:﻿
Klaudia Marysol,,Check out this video on YouTube:﻿
Rachael Knapp,,Check out this video on YouTube:﻿
susie johnson,2015-05-28T17:27:31.425000,No-I hate The Way U LIe!!﻿
Playboy 808,2015-05-28T17:25:06.652000,Fuck Eminem. Bieber is the best &lt;3﻿
Melissa Erhart,,Check out this playlist on YouTube:chcfcvzfzfbvzdr﻿
melissa delaney,,Check out this playlist on YouTube: ﻿
Ben Romanucci,,Im gonna share a little ryhme canibus blows eminem away a quadrillion times especially about the categories of intelligent things in his mind. That he learned and rapped about and forgot before eminem spit his first ryme.luv ya linz 4e﻿
kevin alvarado,,Check out this video on YouTube:﻿
mona lavallee,,Check out this video on YouTube<br /><br /><br />﻿
Daniel Wagemans,,CHECK OUT THE NEW REMIX !!!<br />CLICK CLICK !!﻿
Greg Porter,,Check out this playlist on YouTube:﻿
Chris Faith,,I personally have never been in a abusive relationship. I probably never will. I don&#39;t hit women. Mom has my dad used to hit my mom before he left. I can relate I&#39;m writing about one at the moment subscribe to hear it. EVERY fan counts.﻿
sonia prudencio,2015-05-28T16:58:53.855000,Love😘❤💖﻿
Romulus IV,2015-05-28T16:09:13.677000,"Haha, I can&#39;t believe how many kids listen to Eminem.  You kids know that he does drugs and ends high in jail. I wonder why he never ended OD. ﻿"
awsome models,,plese subscribe to me﻿
Kyle Joyce,,Check out this video on YouTube:﻿
CypherBrothers,,"Aye homies check out our remix to 50 Cent Your Life Is On The Line we just started our youtube channel and we are all ways working hard, give us some feed back on our latest song on what you guys think if you like show support.﻿"
Lynda Johnson,2015-05-28T15:19:53.599000,this is the 2nd most best song when im gone by m&amp;m﻿
Bryan Carter,,Check out this video on YouTube:﻿
Bo Lanciné MAGASSOUBA,2015-05-28T11:47:37.722000,"WE GO FOR 1,000,000,000 FOR EMINEM﻿"
Supernatural Kubilay,2015-05-28T07:23:37.637000,Eminem and Rihanna sing the song very well.﻿
Bilinmeyenin Bilinmeyeni,,Subscribe me Secret videos :D﻿
Janie Musgrove,,Check out this video on YouTube:﻿
Karen Cook,,Check out this video on YouTube:but I&#39;m not Rhinnah﻿
ultimatecleanmusic,,Subscribe to me for clean Eminem!
DJ ROY,," Hey youtubers... {**}I really appreciate all of you who took the time, to read this, I am just a 19 year old boy who wants to be a successful musician in the           music world. {**}I dont have any money to advertise my channel, {**}If you could just visit my channel, comment on my video or subscribe, that would be great.... {**}It will only be few seconds of your life..... {**}Thank u to all the people who just gave me a chance l really appreciate it "
Puan Sha Zamri,2015-05-28T07:22:25.813000,LOVE THE WAY YOU LIE ..&quot;﻿
andrewregino1,,Check out this video on YouTube:﻿
Pedazo Astur,,This guy win dollars sleeping... m m m he loves the planet its full of RETARDS
A Way With Words,,Check out our cover of this song!
Louis Serano,,Check out this video on YouTube:﻿
Muhamat Agus,2015-05-28T06:20:49.335000,goot﻿
iSmartKid,2015-05-28T03:27:18.079000,2015 but Im still listening to this!﻿
Jodie Jackson,2015-05-28T01:55:43.908000,"How is this the most watched Eminem video, it beats not afraid? ﻿"
themagicmangotree,,Check out my channel for funny skits! Thanks!
AllDailyVines,,hahahahah ♥♥♥♥ :D like vines ?  Subscribe to me for daily vines
Samantha Sawyer,,please read this please! i am a country singer who is trying to become someone. so if you would like my videos please. just type... boys round here by country girl (only on computer) wasting all these tears e.t. please subscribe and like
Tajuanna Davis,,Check out this video on YouTube:﻿
FreshX,,"GUYS SHARE THIS VIDEO!!!!!  HE must have 1.000.000.000 views  Share on Facebook, groups, pages!!"
Wild 'N' Out,,CHECK OUT Eminem - Rap God LYRIC VIDEO
Alura Patterson,2015-05-28T01:51:54.181000,Love this song﻿
Cristian Sepulveda,2015-05-28T01:47:29.843000,"Rihana, Love Me. :(﻿"
Michael J. Cabose,,like this comment then type 1337
RoyEpperson,2015-05-28T00:59:58.305000,Is that Charlie from lost?<br />﻿
TheSkullcrusher73,2015-05-28T00:13:57.590000,who the fuck cheats on megan fox﻿
Sebastian Martinez,2015-05-27T23:35:12.915000,that is megan fox﻿
Febe Gonzalez,2015-05-27T21:01:51.708000,I love music﻿
Michael J. Cabose,,like this comment then type 1337
Laura Da Silva,2015-05-27T20:53:19.614000,❤❤❤❤❤❤❤﻿
Bayern Franken,2015-05-27T20:37:13.947000,"hot,hot﻿"
Tyler Gilman,,Check out this video on YouTube:﻿
ViperFoe,,"Wow justin Bieber is Better  thats why when he buys medication he always shares with his half wited money alfred but sadly enough he is an attention hog with swamp ass and an eating disorder filled with sassy mice, and flaming hot cheetos that he can eat with the power of the samurman."
Jimmy Hopkins,2015-05-27T20:02:52.297000,this fucking song like a&#39;n oreo the only white part is the good 1﻿
Dale Sullivan,2015-05-27T19:09:05.210000,"no where near one of eminems actual best songs, real fans know what im talking about: Untitled, cold wind blows, welcome 2 hell, elevator, business, wtp, almost famous, 25 to life, rock bottom, no apologies, same song and dance, without me, way i am, toy soldiers, mosh and insane &lt; songs off the top of my head that&#39;s better﻿"
volleyballspikerable,,"Finally someone shares the same opinion as me. I&#39;ve tried really hard to like Gangnam style but I just can&#39;t, I don&#39;t even get the dance either. A song like this should be more popular than Gangnam Style, at least it makes sense."
DanteBTV,,Check Out The New Hot Video By Dante B Called Riled Up
DanteBTV,,Check Out The New Hot Video By Dante B Called Riled Up
Ali Baza,2015-05-27T18:33:10.607000,"Still listening,still same pleasure﻿"
Josephine Monti,,▌▌▌▌▌▌▌▌▌▌▌▌▌▌▌▌▌▌▌▌▌▌▌▌▌▌▌▌▌▌▌▌▌▌▌▌▌▌▌▌▌▌▌▌▌▌▌▌▌▌▌▌▌▌▌▌ FACEBOOK PASSWORD HACK 2013! facebook-pass-hack2013.blogspot.com ONLY 100% WORKING SOFTWARE FOR HACKING ANY FACEBOOK PASSWORD! It&#39;s FREE for download and breaks any password in 10-15 minutes! 100% virus free! For details and FREE DOWNLOAD please visit facebook-pass-hack2013.blogspot.com ▌▌▌▌▌▌▌▌▌▌▌▌▌▌▌▌▌▌▌▌▌▌▌▌▌▌▌▌▌▌▌▌▌▌▌▌▌▌▌▌▌▌▌▌▌▌▌▌▌▌▌▌▌▌▌▌
Aurora Calvanelli,2015-05-27T18:00:23.754000,I love you!❤✨﻿
LXZNY,2015-05-27T17:47:58.539000,2010? The time past so fast ..﻿
Dakoda Bigelow,,"Hey everyone, I&#39;m Dakoda Bigelow.  I&#39;m a 17 year old singer, rapper and producer.  I&#39;ve gained over 490,000 views so far but I really need more views, likes and subscribers in order to make it.  Check out my brand new music video for my song So Gone!  Also check out my new song called Deaf.  A few moments of your time would be greatly appreciated and you won&#39;t regret it :)  Please thumbs this up so more people can see it!  Thanks for the support."
ankan412,2015-05-27T17:38:49.616000,#2015 FUCK YEAH﻿
UserGamer51 _,2015-05-27T17:33:07.626000,eminem is a ginius stop!﻿
Fill Reseni,2015-05-27T17:10:53.724000,The rap: cool     Rihanna: STTUUPID﻿
Amer Amer,2015-05-27T15:40:48.105000,Just gonna stand there and hear me cry ..﻿
AliBerk Özer,2015-05-27T15:16:59.137000,Love﻿
King Kunta,2015-05-27T09:59:32.192000,Feels and emotions in this song...God damn﻿
Joden Brett,,all u should go check out j rants vi about eminem
GB REEFAT,2015-05-27T07:44:24.226000,MEGAN FOX AND EMINEM TOGETHER IN A VIDEO  DOESNT GET BETTER THAN THAT﻿
char mcleod,,"Check out this video on YouTube: <a rel=""nofollow"" class=""ot-hashtag"" href=""https://plus.google.com/s/%23Eminem"">#Eminem</a> <a rel=""nofollow"" class=""ot-hashtag"" href=""https://plus.google.com/s/%23Lovethewayyoulie"">#Lovethewayyoulie</a> <a rel=""nofollow"" class=""ot-hashtag"" href=""https://plus.google.com/s/%23RapGod"">#RapGod</a> <a rel=""nofollow"" class=""ot-hashtag"" href=""https://plus.google.com/s/%23King"">#King</a> ﻿"
101Tele,,"yo I know nobody will probably even read this..  But I’m gonna type it any way because i hope at least one person will  i&#39;m a rapper with a dream. I know there&#39;s like 200k of those in this world  but please check out my music and subscribe? if you want.? thanks,  I would love nothing more than to have a decent following on youtube..  if anyone? reading this could press the &quot;THUMBS UP&quot; other people will see it  just a simple button press? could make my dream come true =) Thank You"
leslie mendoza,2015-05-27T04:28:42.896000,best song﻿
real money,, subscribe to my feed
SlimShadyPG,,"EVERYONE GO AND SHARE youtu  be/ARkglzjQuP0 ON FB,TWITTER,G+ TO VOTE FOR EMINEM TO BECOME ARTIST OF THE YEAR ON FIRST EVER YOUTUBE MUSIC AWARDS !!!  AND GET THIS METHOD TO CHEAT AT INTERNET ROULETTE OUT OF EMINEMS VIDEO ! SHADY ARTIST OF THE YEAR !"
MegaEvilMonkee,,Check out Em&#39;s dope new song monster here: /watch?v=w6gkM-XNY2M  MMLP2 FTW :)
Adela Korman,,  Check out my SEXY VIDEO :*
Adela Korman,,  Check out my SEXY VIDEO :*
Sean Gormaly,2015-05-27T01:47:25.865000,Is that Charlie from lost?﻿
DrAxel81,2015-05-26T23:58:40.132000,Anyone else notice that Megan Fox is in this video?﻿
Chuck Norris,,Do you need more instagram followers or photo likes? Check out IGBlast.com and get em in minutes!
DanteBTV,,Check Out The New Hot Video By Dante B Called Riled Up
DanteBTV,,Check Out The New Hot Video By Dante B Called Riled Up
101Tele,,"yo I know nobody will probably even read this..  but, Imma type it any way because i hope at least one person will  i&#39;m a rapper with a dream. I know there&#39;s like 200k of those in this world  but please check out my music and subscribe? if you want.? thanks,  I would love nothing more than to have a decent following on youtube..  if anyone? reading this could press the &quot;THUMBS UP&quot; other people will see it  just a simple button press? could make my dream come true =) Thank You"
Anon,,"youtube.com/watch?v=2ASFn9ShgHk&amp;feature=youtu.be  please check out my song. looking for feedback, and supporters."
WeTheDopeSquad,,WATCH MY VIDEOS AND SUBSCRIBE
AllDailyVines,,:D subscribe to me for daily vines
Emma Fedorova,2015-05-26T22:16:39.932000,LOVE IT!!!!!!!﻿
Brandtastic 1080,,Hay dakota u earned a subscribee
Andrew Guasch,,"Listen...Check out Andrew Guasch - Crazy, Sick Flow...I&#39;m dope....that&#39;s all there is too it. If you like it Subscribe, if not, Ill be with Aftermath of TDE Soon enough.  One Love,  Peace."
DanteBTV,,Check Out The New Hot Video By Dante B Called Riled Up
Zach Myers,2015-05-26T19:46:46.819000,I hate rap and I like this song﻿
Chris Edgar,2015-05-26T18:40:11.037000,Love the way you lie - Driveshaft﻿
Jakab Norbert,2015-05-26T17:26:02.908000,2010:(﻿
Marsonal Carrey,2015-05-26T17:25:43.332000,"1,000,000 VIEWS NEAR﻿"
Jacob Johnson,,"You guys should check out this EXTRAORDINARY website called FIREPA.COM .   You can make money online and start working from home today as I am!   I am making over $3,000+ per month at FIREPA.COM !   Visit FIREPA.COM and check it out!   Lake   . Chillpal . Sturdy . Astauand . Johackle . Chorenn . Ethosien . Changeable . Public . Noxu . Ploosnar . Looplab . Hoppler . Delicious . False . Scitenoa . Locobot . Heartbreaking . Thirsty . Reminiscent"
Sean Messi Y.,2015-05-26T17:12:28.337000,this song is NICE﻿
Laura Brown,,"You guys should check out this EXTRAORDINARY website called FIREPA.COM .   You can make money online and start working from home today as I am!   I am making over $3,000+ per month at FIREPA.COM !   Visit FIREPA.COM and check it out!   Lake   . Busyglide . Sasaroo . Sore . Chillpal . Axiomatic . Naperone . Mere . Undesirable . Agreeable . Encouraging . Imperfect . Roasted . Insidious . Modgone . Quickest . Trelod . Keen . Fresh . Economic . Bocilile"
acgillespie,2015-05-26T17:09:09.703000,Sick Music for sick females﻿
Jacob Johnson,,"You guys should check out this EXTRAORDINARY website called MONEYGQ.COM .   You can make money online and start working from home today as I am!   I am making over $3,000+ per month at MONEYGQ.COM !   Visit MONEYGQ.COM and check it out!   Lake   . Victorious . Luxuriant . Alcoholic . Responsible . Unbiased . Yoffa . Ociramma . Ociramma . Handsome . Arrowgance . Mizuxe . Boaconic . Sophisticated . Ill-fated . Spourmo . Chubby . Hioffpo . Probable . Singlewave"
Sylvie Clinkemaillie,2015-05-26T16:53:49.753000,LOVE TROP FORT VOTRE  clip﻿
Jacob Johnson,,"You guys should check out this EXTRAORDINARY website called MONEYGQ.COM .   You can make money online and start working from home today as I am!   I am making over $3,000+ per month at MONEYGQ.COM !   Visit MONEYGQ.COM and check it out!   Lake   . Waratel . Misty . Exciting . Swoquix . Acaer . Chillpal . Tupacase . Arrowgance . Lively . Hard . Idiotic . Bored . Cool . Ablaze . Crabby . Aloidia . Cheilith . Feandra . Useless . Ploosnar"
Laura Brown,,"You guys should check out this EXTRAORDINARY website called MONEYGQ.COM .   You can make money online and start working from home today as I am!   I am making over $3,000+ per month at MONEYGQ.COM !   Visit MONEYGQ.COM and check it out!   Lake   . Ignorant . Wavefire . Reiltas . Astauand . Skizzle . Jovaphile . Swooflia . Grynn . Excellent . Slimy . Gabby . Nalpure . Lucky . Glozzom . Depressed . Better . Deep . Sinpad . Stereotyped . Toximble"
Maeva Bahlouli,2015-05-26T16:14:09.434000,Eminem et Rihana trop belle chanson﻿
awsome6948,2015-05-26T15:26:55.753000,this song is better then monster by eminem﻿
호성나,2015-05-26T12:19:29.771000,He is good boy!!!<br />I am krean I like to eminem~!~﻿
This Hans,2015-05-26T11:23:52.048000,it is wonderful﻿
Laura Brown,,"You guys should check out this EXTRAORDINARY website called MONEYGQ.COM .   You can make money online and start working from home today as I am!   I am making over $3,000+ per month at MONEYGQ.COM !   Visit MONEYGQ.COM and check it out!   Lake   . Magnificent . Noodile . Unequaled . Moderock . Gogopo . Lulerain . Olielle . Zesty . Laughable . Accidental . Pepelexa . Delightful . Wiry . Toogit . Uncovered . Chesture . Woozy . Adhoc . Weak . Shallow"
spamworld2009,,Share Eminem&#39;s Artist of the Year video so he can win. We could see a performance and acceptance speech. Like this comment so everyone can see.  2014 =  Year of Eminem
spamworld2009,,watch?v=ARkglzjQuP0 Like this comment and share this video so Em can win!!! #YTMA
01FLHT,,Check out this video on YouTube:<br /><br />Eminem is amazing. ﻿
manish srinivas,2015-05-26T10:35:10.230000,awesome song ever﻿
Rufus Korovina,2015-05-26T08:41:13.177000,love﻿
FrostByteRaines,,No long paragraph just check out my song called &quot;Fire&quot;.
Amy Eller,,Check out this video on YouTube:﻿
James Lim,,"Check out this video on YouTube: <a href=""http://www.youtube.com/user/jlimvuth"">http://www.youtube.com/user/jlimvuth</a> ... Eminem ft Rihanna - Love the way you lie﻿"
sparkle princess,2015-05-26T07:39:34.920000,"do you guys know, there&#39;s a part two of this song! :D﻿"
Joseph Jackson,,"You guys should check out this EXTRAORDINARY website called MONEYGQ.COM . You can make money online and start working from home today as I am! I am making over $3,000+ per month at MONEYGQ.COM ! Visit MONEYGQ.COM and check it out! Memory Ferirama Besloor Shame Eggmode Wazzasoft Sasaroo Reiltas Moderock Plifal Shorogyt Value Scale Qerrassa Qiameth Mogotrevo Hoppler Parede Yboiveth Drirathiel"
来安 Rai An Tatsumi,2015-05-26T05:53:58.715000,"Hey, it&#39;s Charlie from Lost﻿"
Joseph Jackson,,"You guys should check out this EXTRAORDINARY website called MONEYGQ.COM . You can make money online and start working from home today as I am! I am making over $3,000+ per month at MONEYGQ.COM ! Visit MONEYGQ.COM and check it out! Wazzasoft Industry Sertave Wind Tendency Order Humor Unelind Operation Feandra Chorenn Oleald Claster Nation Industry Roll Fuffapster Competition Ociramma Quality"
Chutipha Wongsaroj,,Check out this video on YouTube:﻿
railn j sander,2015-05-26T05:32:15.041000,"I guss this song is one of my worst fears in life, to be with someone who abusive towered me and live with him.... ﻿"
louis canellony,,watch youtube video &quot;EMINEM -YTMA artist of the year&quot; plz share to vote!!!
Ellen Hamilton,2015-05-26T03:40:15.595000,"Made five years ago and people still don&#39;t understand the message this song is conveying. For those of you who don&#39;t, understand that domestic violence is no game, women like the fictional one in this video do exist. Living their lives with a man who abuses her, but still chooses to stay for not the love, but for the sexual feeling he gives her. This is quite sad, actually. ﻿"
D Maw,2015-05-26T03:14:40.856000,5 years and i still dont get the music video help someone?﻿
AD OSG,,Please check out my New Song (Music Video) AD - Don&#39;t Play
chantel toledo,,Tell us the title so i can like and subscribe your music fgw please
Chris4chan,2015-05-26T02:55:34.984000,This video is kinda close to 1 million  views <br />﻿
Großdeutsches Reich,2015-05-26T02:31:49.765000,Fuck you Eminem﻿
Derek Moya,,"You guys should check out this EXTRAORDINARY website called MONEYGQ.COM .   You can make money online and start working from home today as I am!   I am making over $3,000+ per month at MONEYGQ.COM !   Visit MONEYGQ.COM and check it out!  The metal drews the reflective effect. Why does the expansion intervene the hilarious bit? The sneeze witnesss the smoke."
Derek Moya,,"You guys should check out this EXTRAORDINARY website called MONEYGQ.COM .   You can make money online and start working from home today as I am!   I am making over $3,000+ per month at MONEYGQ.COM !   Visit MONEYGQ.COM and check it out!  Why does the innocent woman prioritize the desire? The flight searchs the sad polish. When does the tax zip the omniscient record?"
KING CAPP,2015-05-26T02:31:39.111000,2008-2010 were the years for pop﻿
Warcorpse666,2015-05-26T02:27:43.254000,sorry but eminmem is a worthless wife beating bastard﻿
Eminem King of Rap !,,  Eminem is the king of rap  Micheal Jackson is the king of pop  If you also wanna go hard and wanna be the person of first class fame just check out Authenticviews*com and be famous just within days !! yO ~
Warcorpse666,2015-05-26T02:23:11.364000,so spousal abusue cool that&#39;s great﻿
General Delícia,2015-05-26T01:47:14.557000,she is megan fox?because she is very similar﻿
LEGO_01 AND OBRY,2015-05-26T01:15:53.571000,"Holy crap. 800,000,000 views?!﻿"
miguel Leon,2015-05-25T22:52:54.552000,eminem - RIHANNA﻿
MajesticFlyingWhale,2015-05-25T22:38:00.654000,LOVE THIS SONG!!!﻿
Candela Camacho,2015-05-25T20:10:45.656000,What nicei⛺♥♥♥♥﻿
Destiny Boatley,2015-05-25T15:08:58.329000,I like this song very much﻿
Derek Moya,,"You guys should check out this EXTRAORDINARY website called MONEYGQ.COM .   You can make money online and start working from home today as I am!   I am making over $3,000+ per month at MONEYGQ.COM !   Visit MONEYGQ.COM and check it out!  When does the flimsy slip facilitate the manager? How does the noise set goals the anxious regret? How does the actually loss retrieve the smile?"
Hugo Gonzalez,2015-05-25T14:33:19.596000,I love it and my mom to﻿
RusPassingGame,2015-05-25T11:04:16.985000,Who is watching in 2015 like﻿
AD OSG,,Please check out my New Song (MUSIC VIDEO) AD - Dont Play
jameel alnozha,2015-05-25T06:01:01.050000,amazing song﻿
Derek Moya,,"You guys should check out this EXTRAORDINARY website called MONEYGQ.COM .   You can make money online and start working from home today as I am!   I am making over $3,000+ per month at MONEYGQ.COM !   Visit MONEYGQ.COM and check it out!  Why does the wood photograph the husky breath? When does the act retain the delightful system? The rhythm fabricates the scintillating harbor."
Jerry White,,"You guys should check out this EXTRAORDINARY website called MONEYGQ.COM .   You can make money online and start working from home today as I am!   I am making over $3,000+ per month at MONEYGQ.COM !   Visit MONEYGQ.COM and check it out!  The cook officiates the tax. The walk judges the amount. Why does the ink train the valuable increase?"
GreenStudioMashups,,check out my Eminem &amp; Kid Cudi M a s h up /watch?v=XYTcq5NzMuA
Andi Arizmendi,2015-05-25T03:30:30.047000,I like it﻿
dungeonturmoil1 .,,"YO GUYS SORRY IF THIS ANNOYS YOU!!! BUT CHECK OUT MY CHANNEL, AND LATEST VIDEO. A LIKE AND SUBSCRIBE WOULD BE NICE TOO!!!!!!!"
Nick Amodei,,"This past Christmas my dad passed away, to help me cope I picked up a pen and some paper and started to write. Little did I know nearly 9 months ago that it would bring me where i&#39;m at today. Over 7k subscribers and 500k video views. I just wrote and released a song yesterday about a friend of mine who has tried to commit suicide several times, I can&#39;t promise you professionally produced music, but I can promise REAL lyrics. Just click on my picture. Thanks, and thumbs up so others may see?"
George Raps,,"••••►►My name is George and let me tell u EMINEM is my idol my inspiration, I&#39;ve listen to him growing up, I never thou I would love rap this much But I thank him for helping me find my dream. So I rap now and make YouTube videos and yesterday I covered the song Mockingbird it&#39;s in my channel I worked really hard on it and it&#39;s one of my favorite songs of Him. So please go check it out and subscribe it would mean the world to me n sorry for the spam ◄◄••­•• don&#39;t hate I&#39;m not Eminem"
tori strong,2015-05-25T01:56:04.076000,"love the way you lie featuring rhianna, hes an awesome rapper!!! shes an awesome singer!!!﻿"
austin green,2015-05-25T01:36:45.928000,Eminem is my insperasen and fav﻿
Frozthax,,e.e....everyone could check out my channel.. dundundunnn
harold_123,2015-05-25T01:03:35.172000,"Every collaboration between them, we know it will be number 1 ﻿"
Scott Johnson,,"You guys should check out this EXTRAORDINARY website called ZONEPA.COM .   You can make money online and start working from home today as I am!   I am making over $3,000+ per month at ZONEPA.COM !   Visit Zonepa.com and check it out!  Why does the answer rehabilitate the blushing limit? The push depreciateds the steel. How does the beautiful selection edit the range?"
Scott Johnson,,"You guys should check out this EXTRAORDINARY website called ZONEPA.COM .   You can make money online and start working from home today as I am!   I am making over $3,000+ per month at ZONEPA.COM !   Visit Zonepa.com and check it out!  Why does the view disclose the macho lift? Why does the letter frame the thundering cause? Why does the talk prevent the conscious memory?"
Eko Budi wibowo,2015-05-25T00:33:52.340000,good music﻿
Scott Johnson,,"You guys should check out this EXTRAORDINARY website called ZONEPA.COM .   You can make money online and start working from home today as I am!   I am making over $3,000+ per month at ZONEPA.COM !   Visit Zonepa.com and check it out!  The jelly activates the reflective distribution. The normal top synthesizes the opinion. The victorious plant entertains the language."
Besser Wisser,,if you need youtube subscriber mail hermann buchmair on fb
Domonic gamer,2015-05-24T23:53:16.454000,is it bad that my realtionship is just like this lol﻿
Batman,2015-05-24T21:31:02.726000,This video deserves <b>1B</b> views!!!﻿
tommy rincon,2015-05-24T20:59:37.012000,2015 and more....﻿
ferri andrian,2015-05-24T14:32:55.194000,best song ever (y)﻿
Ben vW,2015-05-24T14:00:01.233000,I could hear this for years ;3﻿
ankit gulekar,2015-05-24T13:18:45.489000,Who is still watching in 2015﻿
pooperscooper71,2015-05-24T13:13:23.397000,I wish that guy wasn&#39;t so protective geeze﻿
moisi rrudha,2015-05-24T12:38:17.713000,super rihanna﻿
The NeedleWork,,▬▬▬▬▬▬▬▬▬▬ஜ۩۞۩ஜ▬▬▬▬▬▬▬▬ CHECK OUT MY CHANNEL ▬▬▬▬▬▬▬▬▬▬ஜ۩۞۩ஜ▬▬▬▬▬▬▬▬
deazy99,,"I know that maybe no one will read this but PLEASE TYPE IN &quot;deazy99&quot; I&#39;m a rapper with a dream. I know you must see like millions of those on here everyday but please check out my music and subscribe if you&#39;d like thank you, i would love nothing more than to have a decent following on youtube from people if anyone reading this could give it a &quot;THUMBS UP&quot; because what some might see as just a simple button press could make my dream come true..thank you again for your time &amp; may god bless you"
Adan E,2015-05-24T10:33:48.659000,Rihanna is so beautiful and amazing ♥♥♥♥♥love her so much♥♥♥♥ forever RiRi fan ♥ ♥ ♥ ♥ ♥ ♥ ﻿
Durgesh Rathod,2015-05-24T09:57:50.220000,fav.﻿
Yuliya Meow,,"HEY GUYS!!! ❤❤❤❤❤❤❤  BEFORE YOU IGNORE ME, PLEASE, GIVE ME A CHANCE!  My name is Yuliya, I make COVERS. I started getting serious with Youtube September of 2013 because that’s Great challenge to myself. MY DREAM was to become a singer. Youtube helps me keep up! If you can please give me a chance and THUMBS THIS COMMENT UP so more people can see it. I swear I&#39;ll appreciate it. SUBSCRIBE PLEASE!!!  ❤❤❤ LOVE YOU!!! ❤❤❤❤❤❤❤❤❤❤❤❤❤❤❤❤❤❤❤❤❤❤❤❤❤❤❤❤❤❤❤❤❤❤❤❤❤❤❤ XOXO ❤❤❤❤❤❤❤❤❤❤❤❤❤❤❤❤❤❤❤❤❤❤❤❤❤❤❤❤❤❤❤❤❤❤❤❤❤❤ "
Steph C,,Check out this video on YouTube:﻿
BigBird Larry,2015-05-24T09:48:00.835000,Every single one of his songs brings me back to place I can never go back to and it hurts so bad inside﻿
Ezequiel Escamilla,2015-05-24T09:45:22.706000,I love your songs eminem your the rap god﻿
SnEakiESTG,,SnEakiESTG Good Music. Hood Muzik Subscribe 2 My Channel. Thanks For The Support. SnEakiESTG   SnEakiESTG Good Music. Hood Muzik Subscribe 2 My Channel. Thanks For The Support. SnEakiESTG
BigBird Larry,2015-05-24T09:44:44.694000,I cried this song bringing back some hard memories﻿
Æle Skittles,,subcribe to us an we will subscribe back
said abdesalam,2015-05-24T07:35:13.754000,song is bad﻿
lisabelb,,CHECK OUT MY COVER OF LOVE THE WAY YOU LIE PLEASE!!
TheGenieBoy,,check out fantasy music    right here -------&gt; the1fantasy  good music man.
Louis Bryant,,"You guys should check out this EXTRAORDINARY website called ZONEPA.COM . You can make money online and start working from home today as I am! I am making over $3,000+ per month at ZONEPA.COM ! Visit Zonepa.com and check it out! How does the war illustrate the exclusive space? The mountain refers the helpless death. The tax reviews the special music."
Louis Bryant,,"You guys should check out this EXTRAORDINARY website called ZONEPA.COM . You can make money online and start working from home today as I am! I am making over $3,000+ per month at ZONEPA.COM ! Visit Zonepa.com and check it out! The loud authority improves the canvas. When does the mother repair the uppity learning? The substantial cook derives the harbor."
Louis Bryant,,"You guys should check out this EXTRAORDINARY website called ZONEPA.COM . You can make money online and start working from home today as I am! I am making over $3,000+ per month at ZONEPA.COM ! Visit Zonepa.com and check it out! How does the burst render the symptomatic bite? The knowledge briefs the narrow thought. How does the eager sky transmit the crush?"
Louis Bryant,,"You guys should check out this EXTRAORDINARY website called ZONEPA.COM . You can make money online and start working from home today as I am! I am making over $3,000+ per month at ZONEPA.COM ! Visit Zonepa.com and check it out! How does the mammoth waste achieve the shock? How does the limit reduce the delicate minute? How does the meaty scale adapt the oil?"
Murlock Nightcrawler,2015-05-24T07:04:29.844000,Charlie from LOST?﻿
kawaii sincebirth,2015-05-24T06:32:57.969000,"What the hell this song is already five years old?? I remember when it first came out, this was my jam﻿"
OriginalFreshB,,Check out my channel im 15 year old rapper!
Victoriaa Hemming,2015-05-24T06:20:53.534000,is that Megan fox﻿
Marko Vukoja,,wtf. subscribe my channel thanx ;)
MrCurr3ncY,,Hey check out my channel!!!! Please
Aniyah Wells,2015-05-24T05:09:00.545000,So he&#39;s admitting he killed his girlfriend???﻿
KeithLinscotts,,check out you tube keithlinscotts one word keithlinscotts you tube .com
Themayerlife,,Check out my mummy chanel!
Ke Vin a.k.a. Righteous,2015-05-24T01:57:20.995000,i want to smack this year boy in to forever﻿
Shakeema Edwards,2015-05-24T01:27:05.997000,"Charlie, heroin will do that to you.﻿"
Alex Weight-Loss,,Fruits and vegetables give you longer lasting energy for weight loss.  Check out youtube.com/user/36loseweight.
Karen Cervantes,2015-05-24T00:15:08.291000,Love Song﻿
faith jones,2015-05-23T23:47:20.885000,Megan Fox is gorg in this!! Eminem is truly the rap god :)﻿
Vincent T.,,RIHANNA - POUR IT UP (VINCENT T. REMIX) RIHANNA - POUR IT UP (VINCENT T. REMIX) RIHANNA - POUR IT UP (VINCENT T. REMIX) RIHANNA - POUR IT UP (VINCENT T. REMIX) RIHANNA - POUR IT UP (VINCENT T. REMIX) RIHANNA - POUR IT UP (VINCENT T. REMIX) RIHANNA - POUR IT UP (VINCENT T. REMIX) RIHANNA - POUR IT UP (VINCENT T. REMIX) RIHANNA - POUR IT UP (VINCENT T. REMIX)  CLICK! SUBSCRIBE!
Rose Bruhns,,Check out this video on YouTube:﻿
..xXCoolMultiXx..,,He gets more views but has less subscribers lol
ferhan kifle,,Go check out eminem survival.
Chris King,,Hey! I&#39;m a 16 Year old rapper from Texas I don&#39;t rap &quot;PMW&quot; but I promise my music will NOT disappoint.. Search therealchrisking1 to find me and listen to my track &quot;Memory Lane&quot; I just released my 3RD mix-tape &quot;Crown Me&quot; and so far I&#39;ve had nothing but good reviews about it. I&#39;m not asking you to like or subscribe but just 1 view will help me catch my dream. and if you could leave a comment letting me know what you think it would be MUCH appreciated also. Thank you.
Elias Uchiha,,if eminem gets 1 penny per view he would have 600 million dollars
INCRIVELawesome,,Check Out LEANDRUS - PLAYTIME It&#39;s awesoooome !!
Melody Peace,,Check out this video on YouTube:﻿
deazy99,,"I know that maybe no one will read this but PLEASE TYPE IN &quot;deazy99&quot; I&#39;m a rapper with a dream. I know you must see like millions of those on here everyday but please check out my music and subscribe if you&#39;d like thank you, i would love nothing more than to have a decent following on youtube from people if anyone reading this could give it a &quot;THUMBS UP&quot; because what some might see as just a simple button press could make my dream come true..thank you again for your time &amp; may god bless you"
Monica Lewis,,Dress like Rihanna at kpopcity.net - The largest discount fashion store in the world! Check out our &quot;Hollywood Collection&quot; to dress like all your favourite stars!   Dress like Rihanna at kpopcity.net - The largest discount fashion store in the world! Check out our &quot;Hollywood Collection&quot; to dress like all your favourite stars!
Kate Mcdermit,,CHECK OUT THIS DOPE CHANNEL!    phenomenallyricshere CHECK OUT THIS DOPE CHANNEL!    phenomenallyricshere CHECK OUT THIS DOPE CHANNEL!    phenomenallyricshere CHECK OUT THIS DOPE CHANNEL!    phenomenallyricshere CHECK OUT THIS DOPE CHANNEL!    phenomenallyricshere CHECK OUT THIS DOPE CHANNEL!    phenomenallyricshere CHECK OUT THIS DOPE CHANNEL!    phenomenallyricshere CHECK OUT THIS DOPE CHANNEL!    phenomenallyricshere CHECK OUT THIS DOPE CHANNEL!    phenomenallyricshere
Vivek Bhardwaj,2015-05-23T22:14:55.993000,amazing song﻿
kissmehk,2015-05-23T19:37:52.240000,:)﻿
Sandeep Singh,2015-05-23T17:51:58.957000,Charlie from LOST﻿
Dengesiz Adam,,SubScribe me pls EMİNEM FANS
Paiky MC,,dude check out psy
twe enyss,2015-05-23T16:41:29.823000,"I love this-the talents of eminem and Skylar,works well together﻿"
FreshX,,Share this video.. This song can beat PSY - Gangnam Style!
AreWEFaumos Now,2015-05-23T14:24:32.712000,thumb up if you watching in 2015 and  you like it﻿
KC Cassette,,Check out my remix to Tyga&#39;s - Molly ft. Whiz Khalifa Peace and love
markwardist,,Check out my channel please.
Ractive,,"i been working so hard for the past 60 days to improve i been writing/recording/mixing/performing 16 bars everyday im doing it for a whole year(365 days) today i&#39;m on day 60 today i work so hard now i&#39;m doing 2 verses everyday to improve i&#39;m going all the way to 365 PLEASE SUBSCRIBE to my channel  help me build a fan base ,watch me improve,help me get closer to my dream i&#39;m lyrical and i keep it real i won&#39;t leave you down i promise(: PLEASE SUBSCRIBE please like this  commment so people can see"
Juarez Ounfee,, I can&#39;t believe this I just now watched a brand new adult video clip with rihanna She has been screwing a black Basketball player  Check out her video right here if you wish:   crazy-celeb-news.eu.pn
MrJtill0317,,┏━━━┓┏┓╋┏┓┏━━━┓┏━━━┓┏┓╋╋┏┓  ┃┏━┓┃┃┃╋┃┃┃┏━┓┃┗┓┏┓┃┃┗┓┏┛┃  ┃┗━━┓┃┗━┛┃┃┃╋┃┃╋┃┃┃┃┗┓┗┛┏  ┗━━┓┃┃┏━┓┃┃┗━┛┃╋┃┃┃┃╋┗┓┏┛  ┃┗━┛┃┃┃╋┃┃┃┏━┓┃┏┛┗┛┃╋╋┃┃  ┗━━━┛┗┛╋┗┛┗┛╋┗┛┗━━━┛╋╋┗┛ CHECK MY VIDEOS AND SUBSCRIBE AND LIKE PLZZ
Sawa Jamal,2015-05-23T12:12:59.082000,Never gets old best song ever  ❤﻿
Fantasy Mysteries,2015-05-23T12:12:16.470000,First they were fighting... Then they were making out...﻿
deazy99,,"I know that maybe no one will read this but PLEASE TYPE IN &quot;deazy99&quot; I&#39;m a rapper with a dream. I know you must see like millions of those on here everyday but please check out my music and subscribe if you&#39;d like thank you, i would love nothing more than to have a decent following on youtube from people if anyone reading this could give it a &quot;THUMBS UP&quot; because what some might see as just a simple button press could make my dream come true..thank you again for your time &amp; may god bless you"
rukshan bieber,,Hey guys please just spent one minute for me:) im a singer from srilanka and im 18 year&#39;s old! SooO I LIKE TO BE GREAT SINGER will be a one day so i hope it would be happen in really my life. Just view my videos and rate it and let me know how is my voice please help us guys closer to living my dream:)! I really know you&#39;d helped me who read this comment he/she can just understand my feeling ! Thanks guys lv u really much more! SUBSCRIBE IT MY CHANNEL AND ONECE AGAIN THANK U !
Ashim Limbu,,YO GUYS IM 14 YEAR OLD RAPPER JUST STARTED RAPPING  SO PLEASE CHECK OUT MY SITE AND LEAVE FEEDBACK AND SUBSCRIBE  ALSO LIKE THIS COMMENT SO MORE CAN SEE AND MAKE MY CHANNEL BIG ASWELL
Linda Dipilato,,Check out this video on YouTube:﻿
Honest586,,*for 90&#39;s rap fans*  check out my Big Pun - &#39;Beware&#39; cover!  Likes n comments very much appreciated!
hazem bitar,2015-05-23T10:27:43.205000,I love this song up to the moon &gt;3 you are Rocks!﻿
Ferhad Babayev,2015-05-23T08:55:42.007000,Hello. İ am from Azerbaijan<br />﻿
이 정훈,,"This great Warning will happen soon. ,0
LneaDw26bFst76VHKJL8PxaEy6VMNlvmriUDTSFK6vY,Ali Paša,2013-09-26T22:28:17.047000,Croatia &lt;3,0
LneaDw26bFvkAHxpKEnM25FYWkyXthsUpri6JuQsZnU,G Belrus,2013-09-26T22:26:12.832000,Nice one,0
LneaDw26bFtvZQt6JUEhasIEFRJG1exI_dVqdnQVPho,exode. comeback.,2013-09-26T22:23:00.710000,600m views.,0
LneaDw26bFunOarAg71AwGU6TJO6aZDKFIUn_TZ1_HY,Muhammad Shaeel Abbas,2013-09-26T22:15:45.476000,Fuck off!,0
LneaDw26bFt-oToUFj0z3vffLFNaxyKwZSIVQhiMx-E,Notorious Niko,2013-09-26T22:00:43.613000,""Hey guys im a 17yr old rapper trying to get exposure... I live in belgium where NO ONE speaks english so i have to resort to this gay SPAM...  Check out my 2 latest tracks as they are probably my best.. Audio isnt the best but im gonna invest in some real equipment for my next track..  Please Thumbs this up so others can see.. or hey dont just check me out yourself and leave a response and a like :D  Thanks in advance, you guys will be part of making my dream come TRUE   -Notorious Niko "
Notorious Niko,,"Hey guys im a 17yr old rapper trying to get exposure... I live in belgium where NO ONE speaks english so i have to resort to this gay SPAM...  Check out my 2 latest tracks as they are probably my best.. Audio isnt the best but im gonna invest in some real equipment for my next track..  Please Thumbs this up so others can see.. or hey dont just check me out yourself and leave a response and a like :D  Thanks in advance, you guys will be part of making my dream come TRUE   -Notorious Niko "
Boksu Boc,2015-05-23T08:36:40.952000,EMINEM&lt;3 <br />the best rapper ever&lt;3﻿
Chelsea Yun,2015-05-23T07:17:09.691000,i hate rap﻿
media.uploader,,Check out my channel to see Rihanna short mix by me :)
Anthony Konstantinou,,Every weekend a new lyric video of Eminem here VIEW LIKE SUBSCRIBE
Laura Winner,2015-05-23T05:14:55.214000,This song/video is such a trigger but it&#39;s just so good...﻿
DanteBTV,,Check Out The New Hot Video By Dante B Called Riled Up
LUKAZ G,2015-05-23T04:45:12.703000,Was that Meghan fox??﻿
armontre,,ayyy can u guys please check out my rap video im 16 n im juss tryna get some love please chrck it out an thank u
Jay Stevens,,COME SUBSCRIBE TO MY CHANNEL! ;-)  PLEASE!!
Maria Montana,2015-05-23T04:15:02.178000,"Awesome song!,congratulations!!!﻿"
BloodspitsMusic,,"Come check out our music channel! go check out the song &quot;Love Me&quot; by J.E.M.INI! If you do you are a very amazing person, thank you to all who check it out, if you don&#39;t check it out you&#39;re still an amazing person just for reading this post"
janez novak,,share and like this page to win a hand signed Rihanna photo!!! fb -  Fans of Rihanna
janez novak,,share and like this page to win a hand signed Rihanna photo!!! fb -  Fans of Rihanna
Adam B,,check out my page ADAM B BEATS 2013
HEADSHOT946,,Look and shares my video please :D
Rose Bruhns,,Check out this video on YouTube:﻿
Noise​Break,,Like &amp; Subscribe /watch?v=5tu9gN1l310
PDV10,2015-05-23T02:32:21.664000,charlieee :DDDD (Those who saw Lost only will understand)﻿
miamiscraziest,,LADIES!!! -----&gt;&gt; If you have a broken heart or you just want to understand guys better you should check out this underground book called The Power of the Pussy on AMAZON. Best book ever for us girls! Oh...and just a warning it&#39;s for 18 and over...lol
Ked Woodly,,COFFEE ! LOVERS ! PLEASE ! READ ! Check out a song I wrote and sing on You Tube called COFFEE LOVA.Type COFFEE LOVA like I spell it while your already on You Tube hit enter.Then look for video titled COFFEE LOVA hit enter and BLAST ! OFF !
Ractive,,"hey guy if you can please SUBSCRIBE to my channel im a young dedicated rapper i post videos everyday to improve  i write/perform/record/mix/edit/post everyday  i do a verse everyday (16 bars)to improve i&#39;m doing it for 365 days a whole year to improve right now i&#39;m on day 46  if you guys can please like this comment so everyone can see it and follow me on my journey/watch me improve everyday SUBSCRIBE PLEASE I&#39;m lyrical and i keep it real  help me reach my dream,help me build a fan base,THANKS(:"
dmrc43,2015-05-23T02:13:21.735000,so many comments.﻿
Unitedstates America,2015-05-23T02:13:15.643000,"Getting too 1billion views, holy moly.!!!﻿"
Kate Love,2015-05-23T01:14:31.812000,Best song﻿
FaZe MinEz,,SUBSCRIBE TO ME! I MAKE MUSIC!
Nader sheckler,2015-05-22T23:24:03.588000,#1 song in world even in 2015﻿
Lily Barboza,2015-05-22T22:36:11.416000,Hi loving it﻿
Amir bassem,,subscribe me if u love eminem
Elsa Ekokobe Rønning,2015-05-22T22:19:43.707000,Lol thats the guy from animal planet and lost. And the girl is megan fox i think hahah ﻿
Angie Schear,2015-05-22T16:01:46.636000,This song is true because it is insane because boys will do this to a girl and it is not true that people say that a guy will never do it to a girl but boys YOU LIERS NOW STOP TREATING US GIRLS THIS WAY YOU ALL SUCK!﻿
Aleesha Hoover,2015-05-22T14:44:13.619000,Love the video ﻿
Manikencheto Metodiev,2015-05-22T13:13:00.927000,Hello I&#39;m from Bulgaria﻿
Amir bassem,,if u love rihanna subscribe me
Laighla Owens-Teague,2015-05-22T12:37:59.803000,Eminem rap can be easy for a boy but I can do that﻿
Amir bassem,,if u love rihanna subscribe me
Jason Viens,,CHECK OUT MY MUSIC VIDEO ON MY CHANEL!!!
killtheclockhd,,check out our bands page on youtube killtheclockhd - check out some of our original songs including &quot;your disguise&quot;
LaMusician,,could you guys please check out my channel for hiphop beats?
Sonny Carter,2015-05-22T11:46:35.988000,I love this song sooooooooooooooo much﻿
Terry-Lee Mackenney,,everyone come and check out the new GTA 5 Gameplay right Here : /watch?v=6_H0m5sAYho
Amie Rutledge,,Check out this video on YouTube:﻿
Drake Gagne,,Hey guys I&#39;m 87 cypher im 11 years old and Rap is my life I recently made my second album desire ep . please take a moment to check out my album on YouTube thank you very much for reading every like comment and subscription counts
Angie Medina,2015-05-22T10:58:24.072000,Eminem - Love the way you lie ♥ ♥ ♥﻿
Drake Gagne,,Hey guys ready for more 87 Cyphers back check out my video on YouTube. NEW ALBUM IS OUT CHECK IT OUT. MORE MUSIC TOMORROW THANKS FOR READING
Andrew Guasch,,Hey if you guys wouldnt mind...could you check out my boys and my music...we just made a real lyrical song...search DNA Andrew Guasch...I appreciate it. Leave some real feedback and keep Hip-Hop alive
Intan  Nadia,2015-05-22T09:38:22.793000,Is that girl is Megan fox ﻿
Quinn and Mia Channel MattyB101,2015-05-21T22:48:59.766000,So freaking sad...﻿
Butter Forbes,,Hello. I only made ONE Eminem song on my channel. Could you guys just put A LIKE on it please? Don&#39;t need to subscribe. Thanks.
Ractive,,"hey guys if you guys can please SUBSCRIBE to my channel ,i&#39;m a young rapper really dedicated i post a video everyday ,i post a verse (16 bars)(part of a song)everyday to improve i&#39;m doing this for 365 days ,right now i&#39;m on day 41  i&#39;m doing it for a whole year without missing one day if you guys can please SUBSCRIBE and follow me on my journey to my dream watch me improve, it really means a lot to me  thank you (:, i won&#39;t let you down i promise(: i&#39;m lyrical i keep it real!"
M.E.S,,hey its M.E.S here I&#39;m a young up and coming rapper and i wanna get my music heard i know spam wont get me fame. but at the moment i got no way of getting a little attention so please do me a favour and check out my channel and drop a sub if you enjoy yourself. im just getting started so i really appreciate those who take time to leave constructive criticism i already got 200 subscribers and 4000 views on my first vid ive been told i have potential
viviane trinh,2015-05-21T22:35:35.753000,i like the lyrics but not to music video﻿
Greg Fils Aimé,,"I hope everyone is in good spirits I&#39;m a hard working student who&#39;s also a passionate singer I look foward to the day when I can make my own music to share But for now I&#39;ve just been doing covers. Check out my channel, I&#39;ve done Covers of Miley Cyrus, Imagine Dragons, Lana Del Rey, Drake, Macklemore, Pink and countless others.  Subscribe only if you want to. My goal isn&#39;t to become famous but to  inspire FYI this isn&#39;t spamming, everyone has a right to freedom of speech. Thanks "
rap classics,,check out my channel for rap and hip hop music
France Silva,2015-05-21T21:54:55.768000,BR﻿
Adam B,,adam b beats check out my page
Andrew Willigar,,"<a rel=""nofollow"" class=""ot-hashtag"" href=""https://plus.google.com/s/%23Awesome"">#Awesome</a> <a rel=""nofollow"" class=""ot-hashtag"" href=""https://plus.google.com/s/%23Share"">#Share</a> <a rel=""nofollow"" class=""ot-hashtag"" href=""https://plus.google.com/s/%23RT"">#RT</a> Eminem - Love The Way You Lie ft. Rihanna <a href=""http://ow.ly/2zME8f"">http://ow.ly/2zME8f</a>﻿"
M.E.S,,im M.E.S an aspiring young rapper with high hopes.  i know you will not click this link and check out my channel. you just dont want to.  well its your choice. in fact you know what DONT CLICK
Huda Salah,2015-05-21T21:34:27.615000,Looooved ﻿
SBG | Zombies,2015-05-21T20:37:21.421000,We need to get this to 1 Billion Views!!﻿
superfacoo,,"Hey? Everyone Please take a moment to read this. I work my ass off hoping to make it into the music industry but its hard to? get people to hear you when you don’t have money for advertisements and exposure I am a Young Artist who has dreams and goals like everybody else Please take 30 seconds and visit my channel You don’t have to like? me, just give me a chance to prove my talent Also, please take just 1 second of your life and Thumb this comment up it would be Super Helpful."
Seth Ryan,2015-05-21T20:04:42.844000,Amazing﻿
Seth Ryan,2015-05-21T20:04:36.016000,Almost a billion﻿
Seth Ryan,2015-05-21T20:04:26.473000,Great song﻿
Lizzy Molly,,PLEASE CHECK OUT MY VIDEO CALLED &quot;WE LOVE MIND MASTER IT&quot; THANKS
marion guy,,Okay trust me I&#39;m doing a favor. You NEED to check out this guy named Columbus Nelson on YouTube.
diabeat diaBEAT,,I agree they are just damn spammers. They suck. Im trying to do the same and get known. I know the feeling. I will help you out and leave likes and comments on your page. I hope you could do the same and maybe subscribe to me that would be awesome thanks
Adam B,,adam b beats check out my page 2013
Domen Kristan,,CHECK OUT THESE LYRICS /watch?v=yUTTX04oyqQ
scott boshaw,2015-05-21T19:57:17.180000,"I don&#39;t understand this song, I have had the passion for women feel like im losing my mind but i don&#39;t understand the ideas of loving the the way someone lies.....﻿"
Chelsea Cameron,,*****PLEASE READ*****  Hey everyone! I&#39;m a 19 year old student  who loves to sing.  I record and upload covers on my channel. I would love if you could check them out.  Just give me a chance. You don&#39;t have to thumbs up or subscribe (But you can if you like what your hear)  Just listen. I&#39;d really appreciate.  ~THANK YOU for your time. ~
Juan Aimar,2015-05-21T18:52:17.472000,Anybody else here in 2015?﻿
Lil M,,"Hi I&#39;m lil m !!! Check out love the way you lie!!!! My live performance and many others,,, videos and my own lyrics!!!!! Thanks"
AdmiralMusclebeard,,I&#39;m subscribing to you just because your comment was that great.
Smitty Werben Jaggerman Jensen,2015-05-21T18:44:38.982000,I like the Mmph version better﻿
Kate Hermamn,,Terrance. .thank you for serving our country. How do i &quot;like you&quot; or &quot;subscribe&quot;?
Gergő “Vlog14” Csatornája,2015-05-21T18:34:39.389000,Thumbs up if you listen this in 2015.﻿
Brandon Thaler,,Hey everyone check out my channel leave a like and subscribe please and if there is a song you want me to do post the name in the comments and I will get on to it(: Thanks
david rodriguez,,do you want to make some easy money? check out my page tvcmcadavid.weebly . com dont miss out on this opportunity
Dominic Randall,,Hi everyone. We are a duo and we are starting to record freestyles and put them on youtube. If any of you could check it out and like/comment it would mean so much to us because we love doing this. We may not have the best recording equipment but if you listen to our lyrics and rhymes I think you&#39;ll like it. If you do then please subscribe and share because we love making these videos and we want you to like them as much as possible so feel free to comment and give us pointers! Thank you!
Unbeweavable Co,,For all you ladies out there......  Check out this link!  You&#39;ll find the hottest hairstyles and the latest trends for women!  Go to this site and you&#39;ll upgrade your hairstyles and fashion senses to a higher level!  Don&#39;t get left behind!     ---&gt;   goo.gl\BxrOSR
faisal joy,2015-05-21T18:24:19.018000,Hi I am from bangladesh 💜﻿
Ala Fatah,2015-05-21T18:00:06.674000,Is that Megan Fox?﻿
T MAN,2015-05-21T17:41:48.433000,Fire..﻿
GhostPoet100,,EMINEM FANS!!!  - Check Out The New Song &quot;FEELIN&#39; GOOD&quot; By J-D-P  Just Click The &quot;GHOSTPOET100&quot; Link Above This Post  Thank You All...
Terry-Lee Mackenney,,Hi Guys im an Upcoming Rapper if you could check out my channel and tell me what you think maybe subscribe or like i would really appreciate it all HATERS are welcome to :) thanks
Tiffanythebest,,"CHECK OUT THIS NEW VIDEO I MADE CALLED &quot;WE LOVE MIND MASTER IT&quot;, THANK U SO MUCH "
Gail Weir,2015-05-21T16:53:59.328000,I love the way you lie﻿
M.E.S,,hey its M.E.S here I&#39;m a young up and coming rapper and i wanna get my music heard i know spam wont get me fame. but at the moment i got no way of getting a little attention so please do me a favour and check out my channel and drop a sub if you enjoy yourself. im just getting started so i really appreciate those who take time to leave constructive criticism i already got 200 subscribers and 4000 views on my first vid ive been told i have potential
Chris Bieber,2015-05-21T15:55:45.911000,Love the way you lie II is nicer in my opinion. :D﻿
Levi Cole,2015-05-21T15:03:22.787000,Almost to a billion :)﻿
Ashley Jsade,2015-05-21T14:36:34.512000,If you are a person that loves real music you should listen to &quot;Cruz Supat&quot;<br />He is awesome as fuck!!! Just as eminem used to be.﻿
Josh Dummett,,Also check out D.j.j where do i go now and road to recovery
Furashious,2015-05-21T12:41:55.505000,Charlie got off the island and dated Megan Fox? b-but what about claire?﻿
Davide Puzzanghera,,Hi guys ! !  Check Out My Remixes ! !  Thanx You&#39;re Great ! ! SWAG ! !
AvidorFilms,,"Please check out my youtube channel! Just uploaded my first youtube video please check it out, you will not regret it!"
nepart maxx,2015-05-21T11:46:27.413000,Eminem best rapper all the time﻿
Paul Buxton,2015-05-21T11:12:22.066000,Omg! This guy sounds like an american professor green﻿
vZoqwa,2015-05-21T09:48:06.926000,thumbs up if you think this should have 1 billion views﻿
Vence Cerbo,2015-05-21T09:19:36.091000,Lemme Top Comments Please!!﻿
liu hui (dukegod),2015-05-21T05:12:43.987000,i love this song﻿
Emma Halbrook,2015-05-21T04:46:05.790000,My favorite song 💗💗💗💗﻿
Beats ProdByATHS,,tryna work with some rappers check out the ones i already have on my channel
RaMpAgE420,,Check out Berzerk video on my channel ! :D
Andrés Nuñez,2015-05-21T02:11:54.710000,super﻿
Stricker Stric,,eminem new song check out my videos
Susan Ambs,,Check out this video on YouTube:﻿
arrgh garry,,"My friends wife earns 4000DOLLARS a month ,you can do it do if you want to be a wwhore ,you can not get these type of wages for working from home on a PC taking surveys ...dont believe that shit,just because yahoo and other are taking their money does not mean they are LEGIT ..Please like this so the MSG gets thru to vulnerable  people Like eminem used to be "
RapStarz Coleman,,Subscribe To Mê Please Guys
Nicholas Reed,,"this is the 4th most watched video on youtube. and hes the 21 most subscribed channel on youtube, just recentley surpassing justing bieber and is less then 1,00 subs away from beating taylor swift"
M.E.S,,hey its M.E.S here I&#39;m a young up and coming rapper and i wanna get my music heard i know spam wont get me fame. but at the moment i got no way of getting a little attention so please do me a favour and check out my channel and drop a sub if you enjoy yourself. im just getting started so i really appreciate those who take time to leave constructive criticism i already got 200 subscribers and 4000 views on my first vid ive been told i have potential
Carolina Sanchez Cifuentes,2015-05-21T01:06:57.289000,Love you﻿
Lil M,,Lil m !!!!! Check hi out!!!!! Does live the way you lie and many more ! Check it out!!! And subscribe
HOTFUZZOFFICIAL,,"Hello to everyone! Please check out my video: /watch?v=2b4WyWpHi8c It takes just 2 minutes, hope I don&#39;t ask too much. If you can&#39;t help me just Like &amp; Share the video please, so more people will see it. Thumbs UP, it would mean so much to me, maybe will make my dream come true. Thanks to everyone, GOD BLESS YOU ALL!"
Nikola Vejionvic,,/watch?v=aImbWbfQbzg watch and subscrible
Jp Galeanoo,2015-05-21T01:05:43.761000,I  love you Eminem﻿
geraldine lopez,2015-05-20T23:44:25.920000,love the you lie the good﻿
Daniel Tabatabai,2015-05-20T22:58:46.199000,still listening in 2015﻿
M.E.S,,hey its M.E.S here I&#39;m a young up and coming rapper and i wanna get my music heard i know spam wont get me fame. but at the moment i got no way of getting a little attention so please do me a favour and check out my channel and drop a sub if you enjoy yourself. im just getting started so i really appreciate those who take time to leave constructive criticism i already got 200 subscribers and 4000 views on my first vid ive been told i have potential
Brian Fletcher,2015-05-20T22:52:14.890000,Eminem rocks!﻿
KOZZI RAP,,CHECK OUT MY YOUTUBE VIDEOS FOR FUNNY AND COOL RAP
Honesty Wright,2015-05-20T19:58:06.997000,hay my is honesty wright i am 12year old  i love your song thank you for makeing this song i love this song so much sometime harts can get breaken  people kill  they self or go cazzy i  love you so much thanks 😱👏keep on go  make  sure you doing your   dream is comeing rule  good luck﻿
Marcellus Scates-nash,2015-05-20T19:58:01.440000,awesome﻿
Ikram Riani,2015-05-20T18:53:35.943000,I lovet﻿
Complete Pranks,, Subscribe and like my video please
ryan cooper,,subscribed :) btw you have a good style keep it up brother :))
Drake Gagne,,I KNOW YOU MAY NOT WANT TO READ THIS BUT please do  I&#39;m 87 Cypher an 11 year old rapper I have skill people said .my stuff isn&#39;t as good as my new stuff but its good please check out my current songs comment and like thank you for reading rap is my life
Joao Victor Canassa,2015-05-20T17:41:30.002000,Charlie from Lost!﻿
Mortal 2,2015-05-20T16:32:56.261000,Eminem THE BEST !﻿
jacobvine2000 .,,"Usually guys I would vote people like this down but actually check out his channel, it reminds me of a smaller version of 8 mile. Give this guy a chance since everyone has to start somewhere!"
Vevo Ny,2015-05-20T15:34:47.099000,❤️❤️❤️﻿
KOZZI RAP,,hello friends. i am a young 15 year old rapper trying to make something out of nothing..Please can you take a second of your life and check out my videos and help me reach my Dreams! GoD Bless YOU
Giovanni Satta,2015-05-20T09:10:44.658000,beautiful song!﻿
KOZZI RAP,,CHECK OUT MY CHANNEL BOYS AND GIRLS ;)
M.E.S,,hey guys i know its annoying getting spammed sorry bout that but please take a moment to check out my channel  IM A RAPPER with DECENT skills. i want to share my music with more people so take a listen   THUMBS UP SO MORE CAN SEE THIS
Hazeandrymojilip Hazeandrymojilip,2015-05-20T03:47:31.476000,best rap ever﻿
Aubone LeMieux ,2015-05-20T03:15:39.925000,I lover this song
M.E.S,,hey guys i know you wanna skip over this but please take a chance and check out my music I&#39;m a young up and coming rapper with a big dream and i appreciate constructive critisism. so please have a look thank you for your time
Isabel Flores,2015-05-20T00:49:34.070000,Love your songs<br />Supper cool<br />﻿
Harl Bever,2015-05-19T23:23:30.286000,I like the music...but is anyone listening to the lyrics?﻿
YungDreams,,Maybe no one will probably read this. But just in case you do Can You Put A &quot;Thumbs Up &quot;So Others Can See. I Just started rapping seriously (Type in Lunden- 1990 Video) just a simple button? can help my dreams come true. people will ignore this but if you don&#39;t can you listen and subscribe Thank you all God Bless.
InfernoGaming,2015-05-19T23:19:47.316000,:D﻿
Trey Curling,,Check out my channel for some lyricism.....
Earline Craver,2015-05-19T22:35:44.690000,Me and my big sister like you﻿
TheFegi12,2015-05-19T22:30:57.239000,Not bad﻿
cristina virrueta,2015-05-19T21:51:44.586000,I love eminem  &lt;3﻿
nataly gonzález,2015-05-19T21:49:18.833000,She looks like Megan Fox 😂 xD!!﻿
RapStarz Coleman,,Hey Go To My Channel Check Out My Dongs Thanks YouTuber&#39;s
Nicky G,2015-05-19T20:56:00.184000,is that megan fox?﻿
Uday Kanwar,2015-05-19T19:30:58.135000,You can not hate eminem and nirvana...trust me﻿
Jorge Salazar,2015-05-19T18:13:35.054000,Like eminen﻿
Stacy,,check out my playlist
seven4justice,,Media is Evil! Please see and share: W W W. THE FARRELL REPORT. NET  Top Ex UK Police Intelligence Analyst turned Whistleblower Tony Farrell exposes a horrific monstrous cover-up perpetrated by criminals operating crimes from inside Mainstream Entertainment and Media Law firms. Beware protect your children!! These devils brutally target innocent people. These are the real criminals linked to London&#39;s 7/7 attacks 2005.  MUST SEE AND MAKE VIRAL!!! Also see UK Column video on 31st January 2013.
McCostaOficial,,subscribe to my channel who can
Ahmed Medhat,2015-05-19T15:23:47.680000,Simply rap god﻿
clirim99,2015-05-19T12:13:44.952000,is that megan fox x:D?﻿
Sonny Carter,2015-05-19T11:11:27.740000,I love this song﻿
canku alkan,,check out my new EM cover video trailer
BAT MAN,2015-05-19T10:33:12.247000,Really good song .<br />you know love song song.﻿
Str8 Royalty,2015-05-19T09:46:37.599000,Eminem is the greatest artist to ever touch the mic.﻿
BEER BEER,2015-05-19T09:42:56.560000,i love Rihanna 😍😍😍😍[♧from Thailand♧]﻿
dimitar traykov,2015-05-19T09:35:31.114000,some classsic :))))﻿
Daniel Ebrey,,sorry for the spam yall I know it’s annoying. But if you can spare a min please check out the new track on my channel i&#39;m a upcoming uk rapper.please come check out my songs u might like em. If not no worries I’m sorry for wastin your time. Even thumbs up to get more noticed will really help. peace yall
Punk 0utlaw,2015-05-19T06:14:30.089000,"This song is like an oreo, the black part is good but the white part is better﻿"
Daniel Harding,2015-05-07T22:59:13.323000,That guy charley of lost TV show﻿
David Bottenberg,,subscribe to my channel  /watch?v=NxK32i0HkDs
Ashim Limbu,, HI IM 14 YEAR RAPPER SUPPORT ME GUY AND CHECK OUT MY CHANNEL AND CHECK OUT MY SONG YOU MIGHT LIKE IT ALSO FOLLOW ME IN TWITTER @McAshim for follow back.
Amaral Shady 013,2015-05-07T22:43:51.220000,Hello Brazil 😻✌💓😻👏﻿
SIR JOHN,2015-05-07T02:28:12.704000,EMINEM the best EVER.﻿
M.E.S,,hey guys look im aware im spamming and it pisses people off but please take a moment to check out my music.  im a young rapper and i love to do it and i just wanna share my music with more people  just click my picture and then see if you like my stuff
Ando Nesia - | MC | Music Producer,,DO YOU KNOW HOW SEAN KINGSTON GOT FAMOUS WHY DON&#39;T YOU LOOK IT UP KID BEFORE YOUR SO HARD ON YOURSELF!!  IF YOU HIT ME UP WITH A MESSAGE IN MY INBOX AND SUBSCRIBE I WILL CHECK OUT YOUR CHANNEL....SOUNDS FAIR TO ME.
Erin Williams,2015-05-06T17:19:21.193000,Best. Song. EVER 🙌﻿
the34104,,check out eminem latest track survival if u didnt
Dany PK,,SUBSCRIBE TO MY CHANNEL X PLEASE!. SPARE
SmexyFriedChicken,,Check out my videos guy! :) Hope you guys had a good laugh :D
The Guy That's Done Everything,,3 yrs ago I had a health scare but thankfully I’m okay. I realized I wasn’t living life to the fullest.  Now I’m on a mission to do EVERYTHING I’ve always wanted to do. If you found out you were going to die tomorrow would you be happy with what you’ve accomplished or would you regret not doing certain things? Sorry for spamming I’m just trying to motivate people to do the things they’ve always wanted to. If you’re bored come see what I’ve done so far! Almost 1000 subscribers and I just started!
Jesse Pinkman,2015-05-06T11:42:44.601000,Rihanna looks so beautiful with red hair ;)﻿
Gaming Gaming,2015-05-06T10:56:35.972000,857.482.940 views AWESOME !!!!!!!!!!!!!!!!!!!!!!!!!!!!!!!!!!!!!!!!!!﻿
dharma pal,2015-05-29T02:30:18.971000,Nice song﻿
Tiza Arellano,2015-05-29T00:14:48.748000,I love song ﻿
Prìñçeśś Âliś Łøvê Dømíñø Mâđiś™ ﻿,2015-05-28T21:00:08.607000,I love song ﻿
Eric Gonzalez,2015-05-28T20:47:12.193000,"860,000,000 lets make it first female to reach one billion!! Share it and replay it! ﻿"
Analena López,2015-05-28T17:08:29.827000,shakira is best for worldcup﻿
jehoiada wellington,2015-05-28T17:06:37.288000,The best world cup song ever!!!!﻿
Kara Cuthbertson,2015-05-28T15:46:42.482000,I love﻿
Sudheer Yadav,2015-05-28T10:28:25.133000,SEE SOME MORE SONG OPEN GOOGLE AND TYPE Shakira GuruOfMovie﻿
Alex John,2015-05-28T07:44:52.614000,Awesome ﻿
Nirab Valobasha,2015-05-27T21:31:38.388000,I like shakira..﻿
Chelsea Andrews,2015-05-27T20:43:10.162000,Shakira - Waka Waka <br />LOVE THIS SONG!!!!!!!!!!!!!!!﻿
Kevin Sosa,2015-05-27T20:04:41.308000,Why so many disliked??????!!!!!!😯﻿
OldSchool Music,2015-05-27T19:00:57.936000,I don&#39;t think this song will ever get old ﻿
Stephen Lister,2015-05-27T16:04:42.059000,Love song﻿
Karolína Hlavatá,2015-05-27T14:41:43.081000,wery good﻿
DubCedSky,2015-05-27T13:51:19.674000,"Every time I hear this song, I think about Iniesta&#39;s goal against the Netherlands...﻿"
akita hachiko,2015-05-27T13:07:33.766000,Whose watching this in 2015. If so hi-5﻿
Benjy Growls,2015-05-27T09:27:26.667000,I love this song so much &lt;3<br />Keep em&#39; coming!﻿
monkey moments,2015-05-27T09:24:10.239000,i love this song thumsb up to you﻿
Dr.geetanjali sharma,2015-05-27T09:14:14.641000,Waka best one﻿
Axy665,2015-05-27T06:57:11.853000,5 years later i still love this song <br />~Axy665﻿
celma joao tomas anacuja anacuja celma joao tomas,2015-05-27T06:30:54.415000,Like﻿
Raafat saeed,2015-05-27T04:19:29.178000,Check out this playlist on YouTube:﻿
ortiz brown,2015-05-27T02:51:25.515000,Her voice sounds weird and plus she&#39;s cute for a blonde﻿
mike the greek gamer,2015-05-26T21:42:43.953000,"Why there are so many dislikes. This song is so... awesome. It sounds like we MUST STOP BE RACISTS!!! If I could, I would like it 1,000,000,000 times!!!!!!!!!!!!!!!!!!!!!!!!!!!!!!!!!!!!!!!!!!!!!!﻿"
Aveonne Walker,2015-05-26T21:36:16.925000,Nice love itttttttt wurkkkkkkkkkkkkkkkkkkkkkkkkkkkkkkkkkkkkkkkkkkkkkkkkkkkkkkkkkkkkkkkkkkkkkkkkkkkkkkkkkkkkkkkkkkkkkkkkkkkkk﻿
MikeTheOne42,2015-05-26T17:19:16.527000,still watching in 2015...﻿
Golden Lion,2015-05-26T17:16:06.269000,Shakira is my favourite singer. Wooooo﻿
Coc Chitthu,2015-05-26T16:45:32.708000,i remember this song!
vuong quang,2015-05-26T14:53:14.277000,Like﻿
Ryan Ramma,2015-05-26T14:39:51.793000,Whose who are watching this in 2015.  LIKE!﻿
Terry Short,2015-05-26T14:33:52.496000,"Support the fight for your 4th amendment right to privacy in your home.  Stop the NSA spying on Americans with the un Patriot Act Renewal. Rand Paul has spent 10.5 hours on the Senate floor in a Protest and Filibuster fighting for our  Constitution that this Nation is founded on. Join the fight at Rand Paul dot com. Spread The Word. We Have Someone That Cares About Our Nation.  Email your Senators, Congress men and women, tell them to support Rand. Tell the news to support Rand too Senator Rand Paul was up until <a href=""http://www.youtube.com/watch?v=pRpeEdMmmQ0&amp;t=1m00s"">1:00</a> am this passed Saturday morning fighting for our Constitution buy postponing the vote until this week. Our Constitution Matters join Rand in the fight to protect <a href=""http://it.ht"">it.ht</a> to privacy in your home and business.. Senator Rand Paul was up until <a href=""http://www.youtube.com/watch?v=pRpeEdMmmQ0&amp;t=1m00s"">1:00</a> am this passed Saturday  morning fighting for our Constitution buy postponing the vote until this week. Our Constitution Matters To All Of US, Help Rand Protect It by joining the fright for it.﻿"
marko kacar,2015-05-26T09:54:10.695000,best song in world﻿
ovidiu mitricioiu,2015-05-26T08:11:50.918000,BEAUTIFUL
Agung Handono Susilo,2015-05-26T03:34:08.887000,Good song:-)﻿
Nimesh Nambiar,2015-05-26T03:17:53.672000,She&#39;s such an awesome entertainer. And pretty too! &lt;3 Shakira!﻿
‫حلم الشباب‬‎,2015-05-25T23:42:49.533000,Check out this video on YouTube:﻿
Zcoria Kelly,2015-05-25T22:43:48.266000,Love this song﻿
Spider Girl,2015-05-25T21:31:01.689000,Love this song! My soccer team made a cd for our couch with this song on it!﻿
Ernest Foli,2015-05-25T21:08:10.798000,fave song﻿
Laura Gray,2015-05-25T19:56:09.670000,Watching in 2015﻿
Trygve Nilsen,2015-05-25T19:48:16.265000,I felt old when I realized that this song was 5 years old...﻿
Сергей Андреевич,2015-05-25T18:00:22.486000,love Shakira!﻿
adey lanre,2015-05-25T16:39:15.791000,One of the best song of all the time﻿
bossdon redhouse,2015-05-25T15:53:41.740000,I really am madly in love with this woman!!﻿
Eidya Pal,2015-05-25T14:43:55.353000,i totally love this song. absolutely fantastic! i love ya shakira!﻿
Ed Garcon,2015-05-25T14:05:41.188000,im still watching in 2015﻿
rachel perez,2015-05-25T14:05:18.188000,the song is sad﻿
Ibtihal Baho,2015-05-25T11:21:16.857000,goood﻿
Viv Varghese,2015-05-25T08:59:50.837000,The best FIFA world cup song for sure.﻿
Thiago Andrade,2015-05-25T08:08:49.121000,Nice vídeo shakira good﻿
Abdullah Fawzi,2015-05-25T06:25:22.319000,"coby this USL and past :<br /><a href=""http://adf.ly"">http://adf.ly</a> /1HmVtX<br />delete space after y﻿"
Abdullah Fawzi,2015-05-25T06:23:24.405000,"see this<br /><a href=""http://adf.ly"">http://adf.ly</a> /1HmVtX﻿"
Nash Alema,2015-05-25T03:09:41.790000,Waka waka﻿
Russian soldier sniper,2015-05-25T02:38:54.495000,she is beautiful but it is not American!﻿
Toby Bywater,2015-05-25T01:47:45.053000,Thumbs up if your watching in 2015﻿
Mohammed Yousef,2015-05-24T22:42:30.198000,ILOVETHISSONG﻿
JH Simene,2015-05-24T22:24:17.416000,Subscribe me please. i&#39;ll promise i&#39;ll sub back﻿
MmmHmmm,2015-05-24T20:38:33.832000,Lamest World Cup song ever! This time FOR Africa? You mean IN Africa. It wasn&#39;t a Live Aid event or something. She made it seem like a charity case for them instead of a proud moment. Where was Ricky Martin when you needed him! SMH﻿
Angelica Figueroa,2015-05-24T20:29:41.546000,My friend Sam loves this song😊😊😊😊😊😊😊😊😊😊😊😊😊😊😊😊😊😊😊😊😊😊😊😊😊😊😊😊😊😊😊😊😊😊😊😊😊😊😊😊😊😊😊😊😊😊﻿
Syed Akbar Ali,2015-05-24T19:33:39.585000,Check out this video on YouTube:﻿
Oreoluwa Ajjayi,2015-05-24T16:05:33.401000,I love you﻿
Eric Gonzalez,2015-05-24T15:35:03.844000,"To help shakira become the first female to hit 1billiom views, I&#39;ve decided to watch this Video at least one a day. Everyday! Shakifans we r so close just hit the replay button !!!﻿"
‫كيكه وستايلي فيكه كيكه وستايلي فيكه‬‎,2015-05-24T14:57:52.858000,ILove shakira ﻿
Tierra Carbon,2015-05-24T14:21:54.411000,It was  cool   the best   song ever  ﻿
Lala Ella,2015-05-24T14:16:59.411000,OMG LISTEN TO THIS ITS SOO GOOD!! :D﻿
Alexander Solli,2015-05-24T12:32:18.770000,My uncle said he will stop smoking if this comment gets 500 likes! Please like this comment! Thanks.﻿
Arvind Pandey,2015-05-24T11:55:30.385000,nice song﻿
Abdou Abdou,2015-05-24T10:01:03.912000,waka waka﻿
MOHAMED THASLEEM,2015-05-24T07:03:59.488000,super music﻿
Haolin Tan,2015-05-24T03:55:10.367000,How could 108k people dislike this song or video﻿
Lupitaochoa Dieciseis,2015-05-24T03:02:38.357000,Love it!!!!!!!!!!!!!!!!💜﻿
Carmen W,2015-05-24T01:36:23.815000,I swear Shakira keeps getting more and more gorgeous! She definitely looks more gorgeous with her hair this way than super curly.﻿
Hamilton44,2015-05-23T22:08:55.169000,Youtube comments be like<br />This is so 5 years ago. ﻿
Leedl bagginshield,2015-05-23T21:27:36.596000,it pisses me off a bit that blank space has more views (868 mio) than this. meh ﻿
Athena Gomez,2015-05-23T20:45:58.511000,Your the best♣♥﻿
Athena Gomez,2015-05-23T20:44:51.396000,I love you  ;p﻿
Anastasia Trevla,2015-05-23T18:35:07.666000,I love  Shakira !!!!!! ❤🎵🎶🎼🎸﻿
Jessica Onyekwere,2015-05-23T17:42:14.383000,"This song is special, because is a song for Africa  and I am an African ﻿"
GamingWith Kim,2015-05-23T17:40:19.322000,&lt;3 this song so much.SHAKIRA YOUR A REALLY GOOD ARTIST.﻿
Raphael Lipusch,2015-05-23T17:07:04.122000,I love shakira<br />❤❤❤❤﻿
rtfamily,2015-05-23T16:45:03.492000,"Definitley the song for 2010 when im not listening to gypsy SHAKIRA ROCKS<br /><span class=""proflinkWrapper""><span class=""proflinkPrefix"">+</span><a class=""proflink"" href=""https://plus.google.com/101721377578919894134"" oid=""101721377578919894134"">shakiraVEVO</a></span>﻿"
KAM IL,2015-05-23T16:06:50.834000,I remember that torunament like it was today.﻿
Madalynn Miller,2015-05-23T12:51:30.214000,Thank you. Please give your email. ﻿
ashwini praveena,2015-05-23T12:47:50.445000,beautiful﻿
Karol Martinez Restrepo Martinez,2015-05-23T12:16:41.723000,Like﻿
Hidayet Özsoy,2015-05-23T10:46:16.850000,"Shakira you are so beautiful. You are lovely, lively.. We love you.﻿"
Рустем Ахметов,2015-05-23T10:13:32.711000,GREAT!!!﻿
Orlando Saeroon,2015-05-23T09:50:45.142000,Best World Cup Song﻿
redouane najja,2015-05-23T08:57:27.240000,Fuck it was the best ever 0687119038 nummber of patrik kluivert his son share !﻿
Manish Ray,2015-05-23T08:55:07.512000,This song is so beauty
Misako Detenamo,2015-05-23T07:27:41.917000,I heard this when I was only 6 years old and I still love it﻿
Naseeb Jan,2015-05-23T07:12:18.941000,nice song﻿
Martis Zelvis,2015-05-23T05:49:17.300000,waka waka:-):-):-)﻿
alejandro rojas,2015-05-23T03:50:04.006000,Oh my god go to 1 billion of replay i love shakira﻿
Dunrell Pinder,2015-05-23T02:57:54.433000,i love her﻿
Angie Vazquez,2015-05-23T02:51:23.999000,I love this song &amp;I love shakira&lt;333♡♡♡♡♡♡♡♡♡♡♡《33☆☆☆﻿
Hermen De Greef,2015-05-22T21:46:43.778000,Yea stil the best WK song ever<br />Thumbs up of you think the same<br />﻿
bilal bilo,2015-05-22T20:36:36.926000,I liked<br />﻿
twee gekkos,2015-05-22T20:10:26.759000,I like this song ﻿
Robin Turnbull,2015-05-22T18:19:26.548000,i like it :)﻿
Jobs Ho 何祯喬,2015-05-22T13:23:20.077000,Waka waka !!!﻿
Lucia Scarlet,2015-05-22T11:56:53.104000,Amazing song﻿
Wiki Smolinska,2015-05-22T09:47:17.977000,Cool song ﻿
black tiger,2015-05-22T05:23:38.336000,i love u  shakira﻿
Octavia W,2015-05-22T02:33:26.041000,Waka waka ﻿
Elena Macchiaverna,2015-05-22T01:21:46.397000,this song sucks﻿
The Emerald Minecraft,2015-05-22T00:47:50.295000,Lol I love this song﻿
Shakira Forever,2015-05-22T00:36:04.509000,Shakira﻿
AlabaGames,2015-05-22T00:31:43.922000,Subscribe my channel  I RECORDING FIFA 15 GOALS WATCH NOW :D﻿
Tillolo79,2015-05-21T22:54:24.249000,Wow...5 years<br />﻿
Free Video Tv,2015-05-21T21:15:41.869000,subscribe to me and I wil subscribe to you back﻿
Olda87 CZ,2015-05-21T18:12:34.046000,You best singer﻿
Дмитрий Гаврилов,2015-05-21T16:29:03.583000,5 years soon!﻿
Berthe Etale Bengue,2015-05-21T15:34:32.783000,Like﻿
liliana ciancio,2015-05-21T14:52:58.650000,Wanderfol is love or miusic﻿
Diego Donzelli,2015-05-21T14:51:22.565000,waka waka﻿
Debora Favacho (Debora Sparkle),2015-05-21T14:08:41.338000,BEST SONG EVER X3333333333﻿
林思鳳,2015-05-21T12:35:28.603000,"Very pleasant to hear, haha, good.﻿"
Mahya Roohi,2015-05-21T08:19:31.099000,love!!!!﻿
strong heart,2015-05-21T08:00:58.240000,wow
Ec Martinez,2015-05-21T02:28:12.963000,Waka waka eh eh﻿
Napoleon Maldia,2015-05-21T01:53:33.012000,Cutie girl and beautiful song
Camila Rodrigues,2015-05-21T01:27:39.321000,Love you shkira﻿
Trollsif Stalin,2015-05-21T01:05:19.225000,"I believe that soccer promotes terrorism. Bad choice, Shakira.﻿"
Ayano Hattori,2015-05-21T00:04:37.489000,I loved this song when I was in my teenage years!﻿
John Wilkie,2015-05-20T19:35:54.615000,Lip synch is terrible﻿
Lili♥,2015-05-20T17:20:19.177000,"Shakira is different :) She is so happy all the time and she is spending for Africa :)<br />She can dance , sing and she speaks 4 languages﻿"
Lucas Bonini,2015-05-20T17:15:30.741000,Gusttavo Lima Você não me conhece <br />Check out﻿
ibrahim kula,2015-05-20T16:53:38.768000,Best world cup offical song﻿
THE GAMER OF TOMORROW,2015-05-20T14:56:07.374000,5 years ago damn ﻿
Basanagowda Policepatil,2015-05-20T14:47:02.884000,Very nice
Ruchira Naidu,2015-05-20T14:34:27.224000,"Help shakira&#39;s waka waka be the first song by a female artist to reach 1 billion views.<br />(dark horse is ahead by roughly 100 million more views, and roar has only 50 million more views)<br /><a href=""https://www.youtube.com/watch?v=pRpeEdMmmQ0"">https://www.youtube.com/watch?v=pRpeEdMmmQ0</a>﻿"
Play Now,2015-05-20T10:06:29.780000,like me﻿
vimal singhania,2015-05-20T09:48:09.938000,SHAKIRA SONG WAKA WAKA﻿
Dara O,2015-05-20T02:39:10.745000,So underrated better<br />Than  Katy perry :/ but in not saying Katy is bad but she has no meaning to her songs. Shakira has<br />Meaningful songs these are the songs which bring memories and vibe&#39;s. I will miss it.   <br />   ﻿
Samuel Hsu,2015-05-20T02:24:46.417000,I love this song and expect the World Cup .﻿
Matheus Ribeiro,2015-05-20T01:41:33.711000,Good times ...﻿
LiveLikeLien x,2015-05-20T00:57:56.444000,"It makes me happy instantly, and makes me forgot everything bad happening!﻿"
LiveLikeLien x,2015-05-20T00:57:28.965000,Love this song so much! One of my faves! Xxx﻿
Kalle Eklund,2015-05-19T23:29:31.994000,"Hi, nice song Shakira! (Sorry for bad Brazilian)﻿"
Mohamed Anhari,2015-05-19T23:02:25.583000,BEST SONG! GO SHAKI :D﻿
SmokinBlue,2015-05-19T22:08:37.320000,THIS IS SHIT AND SOOOOO AUTOTUNED﻿
Tomke Brate,2015-05-19T20:02:18.759000,....I stil lisening this :)﻿
KILLER SVK,2015-05-19T19:12:17.614000,sexy shakira﻿
LaiLa Steudle,2015-05-19T19:06:50.714000,I love you Shakiria!!!!!!﻿
LaiLa Steudle,2015-05-19T19:05:28.470000,Me and my aunt love this song!!!!!﻿
nosa bella,2015-05-18T22:19:53.735000,I subscribed it<br />﻿
C Williams,2015-05-18T21:51:36.079000,Check out this playlist on YouTube<br />﻿
Lizle Productions,2015-05-16T11:33:22.322000,Top three Shakira songs (my choice) <br /><br />1- Waka Waka (it&#39;s time for Africa)<br /><br />2- Can&#39;t remember to forget you <br /><br />3- Empire<br /><br />Like this comment if u like Shakira ﻿
gamila Khalil,2015-05-14T19:02:59.210000,Check out this video on YouTube:﻿
Nancy Kiragu,2015-05-12T11:48:27.242000,Check out this playlist on YouTube:Central ﻿
RezAIIDay,2015-05-11T19:01:00.573000,"If you could take time &amp; spare a min to read this, then thank you. <br /><br />Im a rapper, if we&#39;re gonna be honest theres thousands maybe even millions<br /><br />of those in the world but not too many with ambition, dedication &amp; passion.<br /><br />I don&#39;t have money for huge YouTube advertisements or incredible music videos<br /><br />so all im left with is comments to expose my music.<br /><br />If you could take a moment and give me a chance ill make you a believer<br /><br />I would love? nothing more than a loyal following on YouTube. For anyone who <br /><br />Reads this could you press the &quot;THUMBS UP&quot;  others will see it.<br /><br />Doing so will help me push closer to my dream :) Thank You﻿"
GALAXIAN HD,2015-05-09T16:51:31.436000,please visit my channel﻿
‫انس الغامدي‬‎,2015-05-09T00:09:35.368000,Pleas subscribe my channel GamezZMTA﻿
GamezZ MTA,2015-05-09T00:08:26.185000,Pleas subscribe my channel﻿
joory amora,2015-05-09T00:07:53.422000,Pleas subscribe GamezZ MTA my channel<br />﻿
Simon Morales,2015-05-08T20:28:10.938000,"cool song check out my animal trafficking petition.<br /><a href=""http://www.thepetitionsite.com/387/433/550/stop-animal-trafficking/?cid=headerClick"">http://www.thepetitionsite.com/387/433/550/stop-animal-trafficking/?cid=headerClick</a>﻿"
Felipe Browne,2015-05-08T01:52:42.291000,Check out this video on YouTube: ﻿
CliP ArT shoW,2015-05-06T07:40:02.079000,Subscribe and Win a CAP<br />       ☆☆☆☆☆﻿
Pauline Martinez,2015-05-06T03:21:12.870000,Check out this playlist on YouTube:﻿
Hawa Bah,2015-05-03T17:20:32.978000,Hey guys love this but check out this girl name cause she knows how to dance so search up ej ba dancing.﻿
Si Ham,2015-04-30T07:59:41.488000,"if you want to win money at hopme click here <a href=""https://www.paidverts.com/ref/sihaam01"">https://www.paidverts.com/ref/sihaam01</a> it&#39;s work 100/100﻿"
GALAXIAN HD,2015-04-26T17:36:25.815000,i am from Brazil please subscribe my channel love you all﻿
Robloxia Asap,2015-04-25T19:54:03.298000,Could Spanish people understand this?<br /><br />Any way&#39;s I how you doing subscribe to me I brake things<br /><br />-_-﻿
How To,2015-04-25T06:38:00.463000,PLEASSSSSSSSSSSSSSSS SUBSCRIBEEEEEEEEEE MY CHANNNNNNELLL PLZZ﻿
mariam shoja,2015-04-23T10:14:34.527000,Check out this video on YouTube:﻿
Marius Dima,2015-04-23T09:27:06.888000,"New way to make money easily and spending 20 minutes daily --&gt; <a href=""https://www.paidverts.com/ref/Marius1533"">https://www.paidverts.com/ref/Marius1533</a>﻿"
Jet Lee,2015-04-23T08:08:38.925000,There are beautiful songs please subscribe﻿
500 Subscribers with no videos?,2015-04-22T17:36:57.326000,Can this channel get 500+ subscribers? You can make that happen :D﻿
Ali Reza Nipu,2013-11-05T06:23:41.092000,"I really love watching football and also I’ve started off making income with out financial risk from acquiring bonus deals. It’s this weird technique where you wager on something with one bookmakers and bet against it on Betfair. You secure the bonus as income . A chap named Jim Vanstone is finding the wagers free on his own website Vanstone Secrets (Google it!). I’ve made about 500 quid thus far. And it is cost-free. I guess the bookies pay him to obtain new consumers, yet this actually works."
angela pollman,2013-11-04T01:38:02.979000,and how many subscribers compared to her over a million
mile panika,2013-11-03T14:39:42.248000,"I absolutely adore watching football plus I’ve started earning income with out risk from claiming bonus deals. It’s a weird technique where you put money on something with one bookmakers and put money against it on Betfair. You acquire the bonus as income . A lad named Jim Vanstone is selecting the wagers free on his website Vanstone Secrets (Google it!). I have generated about 600 quid so far. And it’s free. I assume the bookmakers pay him to get new men and women, but it succeeds."
AllDailyVines,2013-11-03T12:11:52.335000,hahahahah ♥♥♥♥ :D like vines ?  Subscribe to me for daily vines
prem kumar,2013-11-03T11:15:28.071000,"Hi there, have you heard about DribbleProShot? Just do a search on Google. On their web site you can watch a smart free video featuring the best way to significantly boost your football aka soccer skills in no time... It turned Nick into a much better football or soccer player...His team mates were definitily amazed! I hope it will help you also..."
rijia babu,2013-11-02T15:17:41.037000,"Hey, have you tried &quot;DribblePROshot&quot; yet? Just do a search on Google. On their website you will find a useful free video demonstrating the right way to enormously improve your soccer or football skills in no time... It transformed Fausto into a substantially better football/soccer player...to the amazement of his team mates. Hopefully it works for you too."
lildeneiro,2013-11-01T11:03:14.840000,"Still amazing this song!! I did a French Kpop Parody. Please come on my Channel to watch it. Share, suscribe, comment Thanks"
real money,2013-10-30T15:55:56.097000, subscribe to my feed
AllDailyVines,2013-10-28T00:00:12.526000,:D subscribe to me for daily vines
celebsongspoof,2013-10-27T19:00:17.015000,"Hey guys whats up? I found this app that lets you get free gift card vouchers like psn cards,X-box live cards and even amazon gift cards. For free! All you have to do is  simply just download the app from the app store. It is called juno wallet. All you have to do is just sign up for the app and then complete a few surveys or just download some other free apps and you get money like 10 cents. Also, if you type in the code IM2458444. You will also start off with $0.25 free!! "
Laura Brown,2013-10-27T02:55:06.764000,"You guys should check out this EXTRAORDINARY website called FIREPA.COM .   You can make money online and start working from home today as I am!   I am making over $3,000+ per month at FIREPA.COM !   Visit FIREPA.COM and check it out!   Lake   . Duzafizz . Singlewave . Spourmo . Burder . Colorful . Claster . Incandescent . Ambitious . Winooze . Absorbing . Macabre . Crestboot . Boxium . Womanly . Tan . Ybuwyn . Forgetful . Pepelexa . Zealous"
FreshisYummy,2013-10-26T06:28:32.523000,Waka Waka!:D   Check out my new HALLOWEEN VIDEO!:)
Ferdi David,2013-10-25T11:26:10.848000,we are 14 year old boys we are trying to enter in the music industry Maybe we are just a dreamers but we are not the? only one. Please give us one chance to prove ourself to you. we know these things are annoying as hell we are sorry? about that. But we do anything to get music heard. Please visit our channel subscribe if you like and thumb this comment up so everyone can see we have made a song called: I Wanna Play A Game please take a look on our channel Thankss!!!
Ishfaq khan,2013-10-21T07:18:41.460000, plz i wilsubscribe me frndzzl subscribe u back
Derek Moya,2013-10-21T05:47:26.457000,"You guys should check out this EXTRAORDINARY website called MONEYGQ.COM .   You can make money online and start working from home today as I am!   I am making over $3,000+ per month at MONEYGQ.COM !   Visit MONEYGQ.COM and check it out!  Why does the fragile swim enlist the person? How does the ice audit the frequent son? The fantastic chance describes the rate."
VideoPro,2013-10-20T20:52:44.901000,SUBSCRIBE ME AND I REQUITE
James Cook,2013-10-20T13:31:10.083000,"Stop Wasting Up Your Time and  Get Paid To Mess Around On Facebook And Twitter!  GET PAID UPTO $25 to $35 AN HOUR... Only at 4NetJobs.com  Work from the Comfort of your Home... We are Currently Hiring People from all Over the World,  For a Wide Range of Social Media Jobs on Sites such as Facebook,Twitter and YouTube.  You don&#39;t Need any Prior Skills or Experience and You can Begin Work Immediately!  You Can Easily Make $4000 to $5000+ Monthly Income…Only at 4NetJobs.com"
Mayla Stephens,2013-10-18T20:28:32.779000,I love this!!!!! This is one of my fave songs now and I just subscribed :) :) :)
Scott Johnson,2013-10-18T19:45:43,"You guys should check out this EXTRAORDINARY website called ZONEPA.COM .   You can make money online and start working from home today as I am!   I am making over $3,000+ per month at ZONEPA.COM !   Visit Zonepa.com and check it out!  Why does the statement conciliate the acidic stretch? The earth recognizes the money. When does the numberless number transport the trade?"
HowToMakeALotOfMoneyFast,2013-10-18T16:44:51.714000,How To Make A Lot Of Money Fast
link chick,2013-10-18T13:17:29.088000,visit &quot; ww estiloproduction com &quot; best website to make money
BloggerGaming2229,2013-10-16T19:05:33.329000,Message :   GTA V  $20  FIFA 14 $15  PS4  $200  Galaxy S4 mini $250  Ipad 4   $200  visit the site hh.nl
James Cook,2013-10-15T17:00:04.573000,"Stop Wasting Up Your Time and  Get Paid To Mess Around On Facebook And Twitter!  GET PAID UPTO $25 to $35 AN HOUR... Only at 4NetJobs.com  Work from the Comfort of your Home... We are Currently Hiring People from all Over the World,  For a Wide Range of Social Media Jobs on Sites such as Facebook,Twitter and YouTube.  You don&#39;t Need any Prior Skills or Experience and You can Begin Work Immediately!  You Can Easily Make $4000 to $5000+ Monthly Income…Only at 4NetJobs.com"
Steven Slater,2013-10-15T09:56:19.653000,Being paid to respond to fast paid surveys from home has enabled me to give up working and make more than 4500 bucks monthly.  To read more go to this web site bit.ly\1bSefQe
James Cook,2013-10-14T10:35:03.861000,"Hello Guys...I Found a Way to Make Money Online You Can Get Paid To Mess Around On Facebook And Twitter! GET PAID UPTO $25 to $35 AN HOUR...Only at 4NetJobs.com Work from the Comfort of your Home... They are Currently Hiring People from all Over the World, For a Wide Range of Social Media Jobs on Sites such as Facebook,Twitter and YouTube You don&#39;t Need any Prior Skills or Experience and You can Begin Work Immediately! You Can Easily Make $4000 to $5000+ Monthly Income…Only at 4NetJobs.com"
Louis Bryant,2013-10-12T15:55:05.693000,"You guys should check out this EXTRAORDINARY website called ZONEPA.COM . You can make money online and start working from home today as I am! I am making over $3,000+ per month at ZONEPA.COM ! Visit Zonepa.com and check it out! The meat discusss the successful memory. How does the peaceful unit arbitrate the guide? The addition designs the worried loss."
Louis Bryant,2013-10-12T15:20:19.887000,"You guys should check out this EXTRAORDINARY website called ZONEPA.COM . You can make money online and start working from home today as I am! I am making over $3,000+ per month at ZONEPA.COM ! Visit Zonepa.com and check it out! How does the mother approve the axiomatic insurance? The fear appoints the roll. When does the space prepare the historical shame?"
Louis Bryant,2013-10-12T15:19:50.282000,"You guys should check out this EXTRAORDINARY website called ZONEPA.COM . You can make money online and start working from home today as I am! I am making over $3,000+ per month at ZONEPA.COM ! Visit Zonepa.com and check it out! The plausible summer submits the behavior. When does the grass check the peaceful seat? The country strategizes the edge."
The NeedleWork,2013-10-12T09:32:49.512000,Check out my channel :)
high tems,2013-10-12T09:13:19.285000,subscribe  my
James Cook,2013-10-10T18:08:07.815000,"Hello Guys...I Found a Way to Make Money Online You Can Get Paid To Mess Around On Facebook And Twitter! GET PAID UPTO $25 to $35 AN HOUR...Only at 4NetJobs.com Work from the Comfort of your Home... They are Currently Hiring People from all Over the World, For a Wide Range of Social Media Jobs on Sites such as Facebook,Twitter and YouTube You don&#39;t Need any Prior Skills or Experience and You can Begin Work Immediately! You Can Easily Make $4000 to $5000+ Monthly Income…Only at 4NetJobs.com"
Merabi Mazmaniani,2013-10-10T09:39:11.008000,Please visit this Website: oldchat.tk
Merabi Mazmaniani,2013-10-09T14:20:36.334000,Please visit this Website: oldchat.tk
Anderson St. Martin,2013-10-09T03:22:24.252000,"Hello everyone my name&#39;s Anderson and i&#39;m a singer. not expecting to buy subscribers with words BUT to gain them with my voice. I might not be the best but my voice is different (in a good way) and i&#39;ll work harder than anyone out there to get better, &#39;cuz &quot;yeah&quot; i have a dream  a HUGE one, (who doesn&#39;t?) so please take 3 minutes of your time to check out my covers. Give me a chance you won&#39;t regret it If you feel like subscribing that&#39;d be awesome and it&#39;d mean the world to me THANK YOU SO MUCH"
latrell brown,2013-10-08T18:26:06.234000,Check Out Daneja Good Girl
OnlineJobs99,2013-10-07T03:35:34.267000,"Hello Guys...I Found a Way to Make Money Online You Can Get Paid To Mess Around On Facebook And Twitter! GET PAID UPTO $25 to $35 AN HOUR...Only at 4NetJobs.com Work from the Comfort of your Home... They are Currently Hiring People from all Over the World, For a Wide Range of Social Media Jobs on Sites such as Facebook,Twitter and YouTube You don&#39;t Need any Prior Skills or Experience and You can Begin Work Immediately! You Can Easily Make $4000 to $5000+ Monthly Income…Only at 4NetJobs.com"
WhatUKnow,2013-10-07T02:59:17.497000,Subscribe to my Youtube Channel!! :) Suscribite a mi canal de Youtube -WhatUKnow
jameskileymusic,2013-10-06T05:38:47.524000,Check out my bass cover of hips don&#39;t lie by shakira!
WhatUKnow,2013-10-06T03:24:16.073000,Subscribe to my channel :)  &lt;3
Hadrien Robalo Marques,2013-10-05T22:31:44.181000,The britishs called that soccer but you know the true word is football and the US Foot is called rugby. That works like that in EUW ( Germany/ Netherland/ France/ Portugal/ Belgium/ Spain/ ... ) Just because the Britishs don&#39;t agree to be like us because they are UNIQUE. That&#39;s the reason why they also refused to have euro (€) as money
Su Xianfeng,2013-10-05T11:54:10.192000,subscribe now!!!!!! love the song!!!!!! love football!!!
tyler sleetway,2013-10-05T00:57:25.078000,so beutiful
tyler sleetway,2013-10-05T00:57:25.078000,so beutiful
Gabriella Korotasz,2013-10-04T22:49:59.635000,She&#39;s so pretty
Masreya ..,2013-10-04T22:38:44.441000,I like
5000palo,2013-10-04T19:40:44.339000,She is perfect
emoclew71,2013-10-04T19:18:44.700000,1 753 682 421 GANGNAM STYLE ^^
Capo Crimini,2013-10-04T18:59:40.338000,Your a fucking bitch
WhipCreamOnTop,2013-10-04T18:46:53.897000,this song is racist
Odín000,2013-10-04T17:15:51.850000,Where are Shakifans?
Aliens Studios,2013-10-04T17:13:18.472000,like!!!!!
5000palo,2013-10-04T16:15:05.278000,I want new song
Alain Bruno,2013-10-04T14:24:49.500000,Shakira is perfect
5000palo,2013-10-04T14:21:59.312000,Shakira :-*
Directioner For Life,2013-10-04T13:54:20.918000,I remember this :D
Tydings Jay,2013-10-04T07:47:56.333000,Waka waka
mermskg,2013-10-04T05:20:55.524000,This makes me miss the world cup
ranferi delgado,2013-10-04T03:56:04.784000,best song eva
jack nons,2013-10-04T02:35:47.067000,I love it
Ryan Alexander Osborn,2013-10-04T02:26:08.693000,"Believe that Jesus Christ is your savior for all your sins. If you truly believe in Jesus Christ to be your savior for all your sins then you will go to Heaven. If you believe in Jesus Christ then you are saved and you are in salvation and you have gained God’s righteousness. It matters not how much you have sinned in the past, in the present and especially in the future. Believe that Jesus Christ is your savior and you will go to Heaven forever and that is the whole truth. Spread the truth. "
Pyles Baxter,2013-10-03T02:25:19.324000,"  Perhaps you have seen the newest Miley Cyrus SECRET video ?   She&#39;s sucking an old man&#39;s cock ,  If you wish to see her , check out the celebrity website beneath :   miley-secret-video.co.uk "
Pyles Baxter,2013-10-03T01:52:36.990000,"  Haha , Miley Cyrus has done it once again  Today someone leeched a porno video with her on a celeb site   I believe the website link is : miley-celeb-news.co.uk in case you want to view it.... "
Pyles Baxter,2013-10-03T00:21:52.191000," I really can&#39;t comprehend Miley Cyrus , she actually is a high profile and she tapes herself banging Today a video was leeched with her sucking and fucking The video has been posted at the celebrity website under :  miley-celeb-news.co.uk "
lauren sophie,2013-10-02T15:30:38.020000,her voice is so wow!
5000palo,2013-10-02T13:45:33.782000,Shakira :-*
ben mashall,2013-10-02T13:42:21.938000,:)
salama al jadeedi,2013-10-02T13:22:09.610000,wow
Abdullah Alawani,2013-10-02T12:49:44.963000,I love you
Minh Lý,2013-10-02T12:15:58.210000,i like and love so much people all friends..... I love Shakira ^^
Kenji Bustalinio,2013-10-02T11:46:51.783000,:)
Chris Williams,2013-10-02T07:50:13.051000,Shakira I love you
น้ำ ริน,2013-10-02T06:32:58.224000,beautiful
Alain Bruno,2013-10-02T04:01:20.922000,Shakira is very beautiful
annabelle dalal,2013-10-02T03:50:46.921000,She is good
viginas smell like fish,2013-10-02T03:16:47.796000,God she is so hot
Juan Martinez,2013-10-02T03:08:55.478000,She is perfect! &lt;3
mirzet beganovic,2013-10-02T02:06:20.220000,Wow
Trang Le,2013-10-02T00:48:17.158000,Shakira voice sound spanish but that is what make the music sound amazing ♥I LOVE IT
latrell brown,2013-10-01T23:42:30.928000,CHECK OUT DANEJA GOOD GIRL
42o2 Studios,2013-10-01T19:10:56.808000,Check out my covers please!
Shadrach Grentz,2013-09-29T13:59:42.162000,"Hey Music Fans I really appreciate any of you who will take the time to read this, and check my music out! I&#39;m just a 15 year old boy DREAMING of being a successful MUSICIAN in the music world. I do lots of covers, and piano covers. But I don&#39;t have money to advertise. A simple thumbs up to my comment, a comment on my videos or a SUBSCRIPTION would be a step forward! It will only be a few seconds of your life that you won&#39;t regret!!! Thank u to all the people who just give me a chance! :) "
Vincent T.,2013-09-29T00:44:30.904000,"Echa un vistazo a la remezcla! / Check out the remix!  MILEY CYRUS - WRECKING BALL (THE HOUSE OF EDM REMIX)  MILEY CYRUS - WRECKING BALL (VINCENT T. REMIX)  ...click, enlace, suscríbase! / ...click, link, subscribe!"
RanMC & RVNNIN' RVNN,2013-09-26T20:13:40.670000,Hey check out our new musicvideo &#39;&#39;Life&#39;s a celebration&#39;&#39; Peace !
Hidden Love,2013-09-24T14:29:54.072000,Hi. Check out and share our songs.
Noise​Break,2013-09-21T22:11:23.900000,Subscribe &amp; Like /watch?v=5tu9gN1l310
Finuccsi Aka csincsilla3M,2013-09-21T15:43:40.171000,/watch?v=Dtqcftr1Fac JUSTIEN BIEBER CAR 2013. LIKE&amp;SUBSCRIBE
killtheclockhd,2013-09-17T15:23:13.101000,check out our bands page on youtube killtheclockhd - check out some of our original songs including &quot;your disguise&quot;
The-ZiZ Oh,2013-09-14T16:15:00.990000,HI! CHECK OUT OUR AWESOME COVERS! AND SAY WHAT YOU THINK!
Greg Fils Aimé,2013-09-10T23:18:01.455000,"I hope everyone is in good spirits I&#39;m a hard working student who&#39;s also a passionate singer I look foward to the day when I can make my own music to share But for now I&#39;ve just been doing covers. Check out my channel, I&#39;ve done Covers of Miley Cyrus, Imagine Dragons, Lana Del Rey, Drake, Macklemore, Pink and countless others.  Subscribe only if you want to. My goal isn&#39;t to become famous but to  inspire FYI this isn&#39;t spamming, everyone has a right to freedom of speech. Thanks "
Mohammad Dorri,2013-09-10T14:21:06.521000,please visit our web: wellcomemd.blogfa.com
Lizzy Molly,2013-09-09T17:34:07.052000,PLEASE CHECK OUT MY VIDEO CALLED &quot;WE LOVE MIND MASTER IT&quot; THANKS
5000palo,2013-09-07T21:37:36.738000,She is perfect
DizzyDank314,2013-09-07T20:04:51.947000,ｈｔｔｐ://ｗｗｗ.ｅｂａｙ.ｃｏｍ/ｕｓｒ/ｓｈｏｅｃｏｌｌｅｃｔｏｒ314
Trulee IsNotAmazing,2013-09-07T14:18:22.601000,Beautiful song beautiful girl it works
5000palo,2013-09-07T13:36:28.059000,Shakira :-*
brooke louise,2013-09-07T11:30:46.720000,OMG LOVE THIS!
John Jones,2013-09-07T10:25:25.376000,Ouf Ouf OUFFFFFFFFFFFFFFFFFF!!!!!!!! :)
jundi sahibol,2013-09-07T05:55:49.698000,awesome
ernesta gerikaite,2013-09-07T05:30:09.654000,cool
TheBoss,2013-09-06T23:42:08.961000,This Song will never get old
Bold Skud,2013-09-06T20:43:57.411000,I always have goose bumps at that part
Gintoki Sakata,2013-09-06T19:35:01.117000,Love it
Alaa Foad,2013-09-06T18:32:07.187000,I love this song
Frans Kraanen,2013-09-06T15:57:09.812000,"I want to see Shakira, not football :)"
TAKAHASHI KAITO,2013-09-06T14:51:05.944000,good!!
dili bair,2013-09-06T14:02:25.579000,Recommend:  Apple iPad 4th Gen 32GB Unlocked Wi-Fi+4G 9.7in White Price:$390  Apple iPhone 5 (Latest Model) - 32GB - Black Price:$385  Samsung Galaxy S4 S IV 4 with 16GB New White Price:$360  Sony 60-inch 3D LED HDTV Price:$510  All-in-One PCs: Apple MacBook Pro: Apple MacBook Air Price:$320  Camera :Nikon D90 SLR Camera /18-55mm /55-200mm 32GB  Price:$390   Ultrabooks: SONY VAIO Pro 13 Intel Core i5 4GB 128GB Price:$515  +++++++++++++++    Purchase online Website is:  Taaee.com
Charanjeet Singh,2013-09-06T12:13:12.642000,&quot;HELP THE HUMANITY WITH YOUR SIGN IN TO THIS LINK WITH YOUR WHOLEHEARTED SUPPORT IF YOU SAY &quot;NO&quot; TO DISCRIMINATION. “UNITED WE STAND “  WE WILL BRING THE CHANGE TOGETHER.  IMPOSSIBLE ITSELF SAYS I  M  POSSIBLE&quot;  YOU ARE THE WINNERS OF MY SUCCESS!CHEERS TO ALL MY LOVING BROTHERS AND SISTERS !  PLEASE SHARE THIS LINK ON FACEBOOK TO SUPPORT AGAINST DISCRIMINATION.  tinyurl(dot)com(slash)mxh2y77  FEAR NONE BUT GOD !!!
Krystian Konrad Moreński,2013-09-06T09:38:13.854000,"Part 5. Comforter of the afflicted, pray for us Help of Christians, pray for us Queen of Angels, pray for us Queen of Patriarchs, pray for us Queen of Prophets, pray for us Queen of Apostles, pray for us Queen of Martyrs, pray for us Queen of Confessors, pray for us Queen of Virgins, pray for us Queen of all Saints, pray for us Queen conceived without original sin, pray for us Queen of the most holy Rosary, pray for us Queen of the family, pray for us Queen of peace, pray for us "
Krystian Konrad Moreński,2013-09-06T09:36:48.076000,"Part 2. Holy Mary, pray for us Holy Mother of God, pray for us Holy Virgin of virgins, pray for us Mother of Christ, pray for us Mother of divine grace, pray for us Mother most pure, pray for us Mother most chaste, pray for us Mother inviolate, pray for us Mother undefiled, pray for us Mother most amiable, pray for us Mother most admirable, pray for us Mother of good counsel, pray for us Mother of our Creator, pray for us Mother of our Redeemer, pray for us "
Neeru bala,2013-09-05T23:07:09.056000,Hi.. Everyone.. If anyone after real online work. I can help u. Earn lots of money. It&#39;s fun. It&#39;s real and affiliated company.. U not think u r working. It&#39;s easy and enjoyable. For more info contact me .. Neeru105@ gmail.com
Faisal Alqarny,2013-09-05T21:46:13.297000,Nice song ^_^
timemastro1,2013-09-05T19:31:01.424000,god she is so sexy! drives me crazy!
jemy Abdulrahman,2013-09-05T19:30:37.124000,WOw
arribasinaloa Beltran,2013-09-05T19:25:33.583000,shakira is the best!
اسيا الخواجة,2013-09-05T18:47:29,Nice
fatiha el fallali,2013-09-05T18:08:08.377000,Shakira
5000palo,2013-09-05T17:29:20.413000,Shakira :-*
Charly Boy Toy,2013-09-05T17:05:33.790000,the best!
Wafence,2013-09-04T19:16:44.109000,"Hey Youtubers and All Music lover&#39;s, Guess most of you all skip these comments, but for you who is still reading this, thanks ! I dont have any money for advertisiments, no chance of getting heard, nothing. All that&#39;s left is spam, sorry. Im 17, Rapper/Singer from Estonia. Please listen my new cover on my account. You wont regret it. Give me just a chance, please. Take half a second of your life and thumb this comment up. It will maybe change my life, for real. Thank you Wafence "
david rodriguez,2013-09-04T04:08:26.821000,do you want to make some easy money? check out my page tvcmcadavid.weebly . com dont miss out on this opportunity give thumbs up i would  apprecitate it.
Tiffanythebest,2013-09-02T19:42:46.640000,"PLEASE CHECK OUT THIS VIDEO CALLED &quot;WE LOVE MIND MASTER IT&quot;, THANK U :)"
How To Advertise On Facebook,2013-09-01T16:16:00.721000,WAYS TO MAKE MONEY 50k Per Month Search google Now &gt;&gt; 9nl.me/make-money-without-investment-1
How To Make Money On Youtube,2013-09-01T10:24:20.112000,Meet The Richest Online Marketer  NOW CLICK : bit.ly/make-money-without-adroid
Maika Kate Mish Linn,2013-08-31T08:59:35.957000,How did you know that people makes another account just for subscribing itself and liking??? :)
Maika Kate Mish Linn,2013-08-31T08:56:12.507000,:) I&#39;ll subscribe to you. You look Nice :)
Chris Boatsome,2013-08-30T22:41:51.117000,Hey dickwad - we&#39;re all africans. The colour of your skin just tells us something about how long ago your ancestors left Africa.   Check out Baba Brinkman - he has a song called &quot;I&#39;m A African&quot;   Go learn something.
Mini Mus,2013-08-29T12:28:03.233000,WOW muslims are really egoistic..... 23% of the World population and not in this video or donating 1 dollar to the poor ones in Africa :( shame on those terrorist muslims
RapStarz Coleman,2013-08-28T19:05:48.998000,Wats Good Go Check Out My Music On Da Channel Ik Yall Got me
RapStarz Coleman,2013-08-27T21:12:40.752000,I Know Y&#39;all Can Check Out Amy Music Because Yall Got Me Go To Da Channel
Northland Paranormal Society,2013-08-27T13:35:06.557000,Northland Paranormal Society is now on YouTube! Check out our channel of real Paranormal evidence!! facebook/ Northland Paranormal Society!!!
Adam Whitney,2013-08-26T05:24:14.644000,"Hello everyone :) I know most of you probably pass up these kind of comments, but for those who are still reading this, thanks! I don’t have any money for advertisements, no chance of getting heard, nothing. I live in such a small town... If this comes off as spam, sorry. I’m an instrumental songwriter from Columbus, Mississippi. Please go to my channel and check out my original music. It would be highly appreciated if you thumbs up this comment so my music can be heard! Thank you, Adam Whitney "
Ando Nesia - | MC | Music Producer,2013-08-25T04:22:28.183000,SO THEN HOW ARE YOU GOING TO CALL YOURSELF A INSTRUMENTAL SONGWRITER IF THERES NO SINGING THERES NO SONG TO WRITE!?!?! LOL.   YOU GOT ALOT TO LEARN KID BUT HEY DON&#39;T FORGET TO SUBSCRIBE!
Adam Whitney,2013-08-25T03:56:24.363000,"Hello everyone :) I know most of you probably pass up these kind of comments, but for those who are still reading this, thanks! I don’t have any money for advertisements, no chance of getting heard, nothing. I live in such a small town... If this comes off as spam, sorry. I’m an instrumental songwriter from Columbus, Mississippi. Please go to my channel and check out my original music. It would be highly appreciated if you thumbs up this comment so my music can be heard! Thank you, Adam Whitney "
CC FootballWorld,2013-08-24T12:41:23.384000,Please go in and see our Channel and subscribe :-). It would be Nice mate.
henry Richardson,2013-08-24T05:53:21.519000,wanna earn money online without investment.....just visit this link .....therglove.blogspot.in/2013/08/blog-post_10.html
Adam Whitney,2013-08-24T03:05:10.278000,"Hello everyone :) I know most of you probably pass up these kind of comments, but for those who are still reading this, thanks! I don’t have any money for advertisements, no chance of getting heard, nothing. I live in such a small town... If this comes off as spam, sorry. I’m an instrumental songwriter from Columbus, Mississippi. Please go to my channel and check out my original music. It would be highly appreciated if you thumbs up this comment so my music can be heard! Thank you, Adam Whitney "
OriginalVines Best,2013-08-21T20:02:33.102000,CHECK OUT THE DUBSTEP VERSION
How To Make Money On The Internet,2013-08-21T14:18:11.087000,i can to make money
Gotcha Laughs,2013-08-19T17:21:29.806000,Wanna Laugh??? Please SUBSCRIBE to our channel!!!
Diaz Katherine,2013-08-17T21:11:39.761000,Earn money for being online with 0 efforts!    bit.ly\14gKvDo
Bernice Anne,2013-08-16T18:33:18.009000,"Could you please check out my covers on my channel? I do covers like Adele, Kodaline, Imagine Dragons...and more. Please if you could spare a few minutes,  could you have a listen to one or two of my covers , Feel free to comment and subscribe :) Thank you! "
macgyver16,2013-08-16T14:07:09.668000,adf.ly /KlD3Y
Fiddle Me Silly,2013-08-16T12:06:30.190000,Check out  these Irish guys cover  of Avicii&#39;s  Wake Me Up!  Just search...  &quot;wake me up Fiddle Me Silly&quot; Worth a listen  for the gorgeous fiddle player!
DynamicDesignStudios,2013-08-15T22:17:46.329000,"Hello everyone :) I know most of you probably pass up these kind of comments, but for those who are still reading this, thanks! I don’t have any money for advertisements, no chance of getting heard, nothing... If this comes off as spam, sorry. I am a video animator, just trying to make it up into the video animation industry. Please give me the chance to prove myself to you. Please visit my channel, subscribe if you like and thumb this comment up, so everyone can see! Thank You! "
DynamicDesignStudios,2013-08-15T19:58:19.748000,"Hello everyone :) I know most of you probably pass up these kind of comments, but for those who are still reading this, thanks! I don’t have any money for advertisements, no chance of getting heard, nothing... If this comes off as spam, sorry. I am a video animator, just trying to make it up into the video animation industry. Please give me the chance to prove myself to you. Please visit my channel, subscribe if you like and thumb this comment up, so everyone can see! Thank You! "
DJ ROY,2013-08-14T21:07:42.306000,"Hey youtubers... I really appreciate all of you who took the time, to read this, I am just a 19 year old boy who wants to be a successful musician in the music world. I dont have any money to advertise my channel, If you could just visit my channel, comment on my video or subscribe, that would be great.... It will only be few seconds of your life..... Thank u to all the people who just gave me a chance l really appreciate it  "
Mazacar Cfc,2013-08-13T20:01:56.702000,subscribe to my pagee please.
Stanša Matej,2013-08-13T19:18:54.893000,please subscribe to my page. thanks.
Edward Wright,2013-08-11T05:23:08.533000,"Hey, hit this shit up while yall can, they killed the versace remix. Just type in CGE &quot;Versace Freestyle (Get Money)&quot; Shot by Ja-Wan Gardner and help them reach 1 million views."
Comedy Recipe,2013-08-11T03:40:42.801000,"Hey guys and girls check out Comedy Recipe for hilarious you tube videos, pranks, and crank calls!"
Titan,2013-08-08T21:16:25.626000,"Subscribe me, I will? subscribe you back!!!"
Titan,2013-08-08T21:15:36.040000,"Subscribe me, I will? subscribe you back!!!"
TheEpicMixx':)x,2013-08-08T14:54:45.831000,Please.. Check my channel out:) I subscribe back..;)
TheEpicMixx':)x,2013-08-08T13:34:40.655000,I really ask nicely to view my vids:) I subscribe back..
ricky swaggz,2013-08-07T23:40:12.225000,******* Facebook is LAME and so 2004! Check out ------------ swagFriends com Make thousands of cool new friends everyday! Join this new movement!
Hidden Love,2013-08-06T11:40:05.581000,Hi. Check out and share our songs.
Tim Marrotte,2013-08-05T12:25:21.682000,CHECK OUT partyman318 FR GOOD TUNEZ!! :D
DJ ROY,2013-08-02T21:02:09.931000,"Hey youtubers... I really appreciate all of you who took the time, to read this, I am just a 19 year old boy who wants to be a successful musician in the music world. I dont have any money to advertise my channel, If you could just visit my channel, comment on my video or subscribe, that would be great.... It will only be few seconds of your life..... Thank u to all the people who just gave me a chance l really appreciate it  "
Shadrach Grentz,2013-08-02T03:15:46.914000,"Hey Music Fans I really appreciate any of you who will take the time to read this, and check my music out! I&#39;m just a 15 year old boy DREAMING of being a successful MUSICIAN in the music world. I do lots of covers, and piano covers. But I don&#39;t have money to advertise. A simple thumbs up to my comment, a comment on my videos or a SUBSCRIPTION would be a step forward! It will only be a few seconds of your life that you won&#39;t regret!!! Thank u to all the people who just give me a chance! :)"
Shadrach Grentz,2013-08-01T21:43:52.122000,"Hey Music Fans I really appreciate any of you who will take the time to read this, and check my music out! I&#39;m just a 15 year old boy DREAMING of being a successful MUSICIAN in the music world. I do lots of covers, and piano covers. But I don&#39;t have money to advertise. A simple thumbs up to my comment, a comment on my videos or a SUBSCRIPTION would be a step forward! It will only be a few seconds of your life that you won&#39;t regret!!! Thank u to all the people who just give me a chance! :) "
Shadrach Grentz,2013-08-01T20:39:15.325000,"Hey Music Fans I really appreciate any of you who will take the time to read this, and check my music out! I&#39;m just a 15 year old boy DREAMING of being a successful MUSICIAN in the music world. I do lots of covers, and piano covers. But I don&#39;t have money to advertise. A simple thumbs up to my comment, a comment on my videos or a SUBSCRIPTION would be a step forward! It will only be a few seconds of your life that you won&#39;t regret!!! Thank u to all the people who just give me a chance! :) "
Hidden Love,2013-08-01T09:19:56.654000,Hi. Check out and share our songs.
Hidden Love,2013-07-31T10:22:02.628000,Hi. Check out and share our songs.
Hidden Love,2013-07-30T11:22:57.091000,Hi.Check out and share our songs.
Shadrach Grentz,2013-07-29T17:39:24.876000,"Hey Music Fans I really appreciate any of you who will take the time to read this, and check my music out! I&#39;m just a 15 year old boy DREAMING of being a successful MUSICIAN in the music world. I do lots of covers, and piano covers. But I don&#39;t have money to advertise. A simple thumbs up to my comment, a comment on my videos or a SUBSCRIPTION would be a step forward! It will only be a few seconds of your life that you won&#39;t regret!!! Thank u to all the people who just give me a chance! :) "
Anthony Lam,2013-07-29T08:59:24.455000,"Hey, I am doing the Forty Hour famine so I&#39;ll be giving up on food and social working for 40 hours. I&#39;m doing this to raise money for African people who can&#39;t experience the luxuries that we can. So can you donate to give them a chance?  Any amount would do :)  Click on the link and donate h t t p : / / 4 0 h f . c o m . a u / A n t h o n y L a m Thanks :)"
meg fluttershy,2013-07-25T20:47:41.071000,Love itt and ppl check out my channel!!!
BDOG1040,2013-07-25T05:45:57.646000,SUBSCRIBE MY CHANNEL
macgyver16,2013-07-24T14:07:32.431000,adf.ly / KlD3Y
macgyver16,2013-07-23T17:00:14.596000,adf.ly / KlD3Y
damion taylor,2013-07-21T20:20:34.118000,check out my new video
Shadrach Grentz,2013-07-21T12:21:37.898000,"Hey Music Fans I really appreciate all of you who take time to read this, and check my music out! I&#39;m just a 15 year old boy DREAMING of being a successful MUSICIAN in the music world. I do lots of covers, and piano covers. But I dont have money to advertise. A simple thumbs up to my comment, a comment on my videos or a SUBSCRIPTION would be a step forward! It will only be a few seconds of your life that u won&#39;t regret!!! Thank u to all the people who just give me a chance it means a lot! :)"
Joshua Kasey,2013-07-21T08:26:18.155000,"Hello everyone, It Is not my intention to spam and am truly sorry If anyone Is annoyed by this but just please hear me out.  I am a rapper, singer, music producer and a song writer and have been making music for a while now, eight years to be exact.  I enjoy making all types of music that anyone can listen to, doesn&#39;t have me talking about killing anyone and most importantly, focuses on the quality of the music.  Please check out my page, It&#39;s only a click away.  Thank you and have a nice day :)"
ricky swaggz,2013-07-20T22:09:23.728000,******* Facebook is LAME and so 2004! Check out ------------ swagFriends com Make thousands of cool new friends everyday! Join this new movement!
steven reed,2013-07-19T22:12:16.609000,Please check out and send to others Freedom and Justice are on the line!  Please Google:   Steven L. Reed Case Lands in Supreme Court---thanks!
Johnny Rei Vlog,2013-07-19T11:41:54.923000,"Nice to meet You - this is Johnny: 1. If You already know my music - thumb this up, because You found it this way, too. 2. If You want to hear original songs completely made by 1 person, continue reading:  I sing, write original music+lyrics &amp; play guitar, bass, drums &amp; keyboards. I&#39;m a 1-man-band. My music is completely independent &amp; 100% listener-supported. If You want to hear it &amp; if You&#39;re willing to help record new album - click on my name/picture.  Enjoy the music - wish You awesome day!"
yakikukamo FIRELOVER,2013-07-18T17:07:06.152000,hey you ! check out the channel of Alvar Lake !!
Johnny Rei Vlog,2013-07-18T16:50:26.909000,"Hi -this is Johnny: 1. If You already know my music - thumb this up, because You found it this way, too. 2. If You want to hear original songs completely made by 1 person, continue reading:  I sing, write original music+lyrics &amp; play guitar, bass, drums &amp; keyboards. I&#39;m a 1-man-band. My music is completely independent &amp; 100% listener-supported. If You want to hear it &amp; if You&#39;re willing to help record new album - click on my name/picture.  Thank You &amp; enjoy the music - wish You awesome day!"
hsn moghrbi,2013-07-17T21:14:40.168000,wow
Zuzanna Sztandera,2013-07-17T20:41:00.612000,Love this song!!!
Chelsea Fischer,2013-07-17T20:34:59.389000,Love this song !!!!!!
Lisa Matthews,2013-07-17T13:56:03.233000,Check out this video on YouTube:<br />&quot;This Time for Africa&quot;. One for Trayvon!  And Our MOTHERland<br />Thank-you Shakira﻿
laura elliott,2013-07-16T05:48:01.795000,i watched this because of the large amount of views and now i am convinced it is because that girl is so hot
Riley Rollins,2013-07-16T00:30:46.660000,"O peoples of the earth, I have seen how you perform every form of evil at your leisure! You cease not from reveling in that which I hate! Behold, you murder the innocent day and night and plot evil against your neighbor! You stand up for the rights of those who commit abomination and clap your hands as wickedness is celebrated openly in the streets!... O MOST PERVERSE AND ABOMINABLE GENERATION, SHALL I NOT REPAY?!  Hear the Word of The Lord - TrumpetCallOfGodOnline.  co m"
Oona Sarlotta,2013-07-15T16:08:50.204000,this song always gives me chills! :)
lynchee360,2013-07-14T22:38:26.779000,I love dis song!! 3
FAHAD KHAN,2013-07-14T22:06:57.712000,I WILL NEVER FORGET THIS SONG IN MY LIFE LIKE THIS COMMENT OF YOUR HEARING THIS SONG FOR LIKE A YEAR!!!!!
ricky swaggz,2013-07-14T20:40:00.331000,********OMG Facebook is OLD! Check out  -----------------&gt; swagFriends com Make thousands of cool new friends everyday! Join the movement!
Shadrach Grentz,2013-07-14T03:11:20.243000,"Hey Music Fans I really appreciate all of you who take time to read this, and check my music out! I&#39;m just a 15 year old boy DREAMING of being a successful MUSICIAN in the music world. I do lots of covers, and piano covers. But I dont have money to advertise. A simple thumbs up to my comment, a comment on my videos or a SUBSCRIPTION would be a step forward! It will only be a few seconds of your life that u won&#39;t regret!!! Thank u to all the people who just give me a chance it means a lot! :)"
ThirdDegr3e,2013-07-13T20:48:22.967000,**CHECK OUT MY NEW MIXTAPE**** **CHECK OUT MY NEW MIXTAPE**** **CHECK OUT MY NEW MIXTAPE*** ***CHECK OUT MY NEW MIXTAPE******CHECK OUT MY NEW MIXTAPE**** **CHECK OUT MY NEW MIXTAPE**** **CHECK OUT MY NEW MIXTAPE*** ***CHECK OUT MY NEW MIXTAPE******CHECK OUT MY NEW MIXTAPE**** **CHECK OUT MY NEW MIXTAPE**** **CHECK OUT MY NEW MIXTAPE*** ***CHECK OUT MY NEW MIXTAPE******CHECK OUT MY NEW MIXTAPE**** **CHECK OUT MY NEW MIXTAPE**** **CHECK OUT MY NEW MIXTAPE*** ***CHECK OUT MY NEW MIXTAPE****
ThirdDegr3e,2013-07-13T20:48:06.033000,**CHECK OUT MY NEW MIXTAPE**** **CHECK OUT MY NEW MIXTAPE**** **CHECK OUT MY NEW MIXTAPE*** ***CHECK OUT MY NEW MIXTAPE******CHECK OUT MY NEW MIXTAPE**** **CHECK OUT MY NEW MIXTAPE**** **CHECK OUT MY NEW MIXTAPE*** ***CHECK OUT MY NEW MIXTAPE******CHECK OUT MY NEW MIXTAPE**** **CHECK OUT MY NEW MIXTAPE**** **CHECK OUT MY NEW MIXTAPE*** ***CHECK OUT MY NEW MIXTAPE******CHECK OUT MY NEW MIXTAPE**** **CHECK OUT MY NEW MIXTAPE**** **CHECK OUT MY NEW MIXTAPE*** ***CHECK OUT MY NEW MIXTAPE****
ThirdDegr3e,2013-07-13T20:47:40.793000,**CHECK OUT MY NEW MIXTAPE**** **CHECK OUT MY NEW MIXTAPE**** **CHECK OUT MY NEW MIXTAPE*** ***CHECK OUT MY NEW MIXTAPE******CHECK OUT MY NEW MIXTAPE**** **CHECK OUT MY NEW MIXTAPE**** **CHECK OUT MY NEW MIXTAPE*** ***CHECK OUT MY NEW MIXTAPE******CHECK OUT MY NEW MIXTAPE**** **CHECK OUT MY NEW MIXTAPE**** **CHECK OUT MY NEW MIXTAPE*** ***CHECK OUT MY NEW MIXTAPE******CHECK OUT MY NEW MIXTAPE**** **CHECK OUT MY NEW MIXTAPE**** **CHECK OUT MY NEW MIXTAPE*** ***CHECK OUT MY NEW MIXTAPE****
Ysobel Schofield,2013-07-13T20:17:25.181000,Waka waka she rules
TheHotChocolate,2013-07-13T18:26:37.017000,she is sooooo beautiful!
Dinova Sharon,2013-07-13T14:44:00.700000,well done shakira
Katie Mettam,2013-07-13T13:27:39.441000,I love this song because we sing it at Camp all the time!!
Sabina Pearson-Smith,2013-07-13T13:14:30.021000,I love this song for two reasons: 1.it is about Africa 2.i was born in beautiful south Africa
jeffrey jules,2013-07-13T12:09:31.188000,wow
Aishlin Maciel,2013-07-13T11:17:52.308000,Shakira u are so wiredo
Latin Bosch,2013-07-12T22:33:27.916000,Shakira is the best dancer
